"description","region","gender","industry","skill","x","y"
"~|","IT","male","agri","low",-1.6295,-1.6295
"","IT","male","agri","low",-1.5319,-1.5342
"","IT","male","agri","low",-1.4226,-1.4293
"","IT","male","agri","low",-1.2432,-1.2597
"","IT","male","agri","low",-1.0801,-1.1127
"","IT","male","agri","low",-1.0074,-1.0503
"","IT","male","agri","low",-0.9074,-0.9669
"","IT","male","agri","low",-0.7399,-0.8356
"","IT","male","agri","low",-0.6343,-0.7594
"","IT","male","agri","low",-0.4622,-0.651
"","IT","male","agri","low",-0.3274,-0.5722
"","IT","male","agri","low",-0.21,-0.5098
"","IT","male","agri","low",-0.0606,-0.4401
"","IT","male","agri","low",0.1087,-0.3717
"","IT","male","agri","low",0.3353,-0.287
"","IT","male","agri","low",0.652,-0.1812
"","IT","male","agri","low",0.6556,-0.1801
"","IT","male","agri","low",0.8008,-0.1402
"","IT","male","agri","low",1.0398,-0.092
"","IT","male","agri","low",1.1863,-0.0729
"","IT","male","agri","low",1.6468,-0.0405
"","IT","male","agri","low",2.1659,-0.0158
"","IT","male","agri","low",2.5933,-0.0025
"","IT","male","agri","low",2.9712,-8e-04
"","IT","male","agri","low",3.7292,0
"","IT","male","agri","medium",-1.2213,-1.2213
"","IT","male","agri","medium",-0.9366,-0.9566
"","IT","male","agri","medium",-0.7585,-0.8084
"","IT","male","agri","medium",-0.5091,-0.6242
"","IT","male","agri","medium",-0.3883,-0.5499
"","IT","male","agri","medium",-0.1536,-0.4288
"","IT","male","agri","medium",0.1028,-0.3234
"","IT","male","agri","medium",0.2659,-0.2731
"","IT","male","agri","medium",0.5667,-0.2143
"","IT","male","agri","medium",1.1688,-0.1305
"","IT","male","agri","medium",1.433,-0.0995
"","IT","male","agri","medium",1.6642,-0.0769
"","IT","male","agri","medium",2.1313,-0.0422
"","IT","male","agri","medium",2.7494,-0.0086
"","IT","male","agri","medium",2.8885,-0.004
"","IT","male","agri","medium",2.9128,-0.0034
"","IT","male","agri","medium",3.5854,0
"","IT","male","agri","high",-1.5734,-1.5734
"","IT","male","agri","high",-1.5186,-1.5225
"","IT","male","agri","high",-1.3535,-1.3839
"","IT","male","agri","high",-0.4384,-0.6435
"","IT","male","agri","high",-0.0497,-0.3822
"","IT","male","agri","high",0.0076,-0.3547
"","IT","male","agri","high",0.5018,-0.2155
"","IT","male","agri","high",1.4546,-0.0258
"","IT","male","agri","high",2.1497,0
"","IT","female","agri","low",-1.5672,-1.5672
"","IT","female","agri","low",-1.252,-1.2569
"","IT","female","agri","low",-1.0328,-1.0587
"","IT","female","agri","low",-0.9284,-0.9714
"","IT","female","agri","low",-0.8547,-0.914
"","IT","female","agri","low",-0.7659,-0.8478
"","IT","female","agri","low",-0.6818,-0.7898
"","IT","female","agri","low",-0.5475,-0.7041
"","IT","female","agri","low",-0.379,-0.6039
"","IT","female","agri","low",-0.24,-0.5297
"","IT","female","agri","low",-0.105,-0.4655
"","IT","female","agri","low",0.0248,-0.4078
"","IT","female","agri","low",0.1435,-0.3625
"","IT","female","agri","low",0.3141,-0.3036
"","IT","female","agri","low",0.572,-0.2272
"","IT","female","agri","low",0.7702,-0.1748
"","IT","female","agri","low",0.9693,-0.1267
"","IT","female","agri","low",1.2513,-0.0656
"","IT","female","agri","low",1.6031,-0.0227
"","IT","female","agri","low",1.6236,-0.0215
"","IT","female","agri","low",1.6795,-0.0191
"","IT","female","agri","low",1.7767,-0.0173
"","IT","female","agri","low",2.873,0
"","IT","female","agri","medium",-1.7969,-1.7969
"","IT","female","agri","medium",-1.3681,-1.3885
"","IT","female","agri","medium",-1.18,-1.2156
"","IT","female","agri","medium",-1.0856,-1.1377
"","IT","female","agri","medium",-0.7636,-0.8894
"","IT","female","agri","medium",-0.6319,-0.7998
"","IT","female","agri","medium",-0.2194,-0.551
"","IT","female","agri","medium",0.201,-0.325
"","IT","female","agri","medium",0.4528,-0.2286
"","IT","female","agri","medium",0.9834,-0.0864
"","IT","female","agri","medium",1.1947,-0.05
"","IT","female","agri","medium",1.2681,-0.0403
"","IT","female","agri","medium",1.3638,-0.0292
"","IT","female","agri","medium",1.4468,-0.0225
"","IT","female","agri","medium",1.5048,-0.0183
"","IT","female","agri","medium",1.7361,-0.0031
"","IT","female","agri","medium",1.8217,-8e-04
"","IT","female","agri","medium",1.9581,0
"","IT","female","agri","high",-1.2028,-1.2028
"","IT","female","agri","high",0.8314,0
"","IT","male","mining","low",-2.2864,-2.2864
"","IT","male","mining","low",-2.2017,-2.2019
"","IT","male","mining","low",-2.0975,-2.099
"","IT","male","mining","low",-1.8973,-1.9029
"","IT","male","mining","low",-1.774,-1.7838
"","IT","male","mining","low",-1.6638,-1.678
"","IT","male","mining","low",-1.5917,-1.6096
"","IT","male","mining","low",-1.514,-1.5366
"","IT","male","mining","low",-1.4558,-1.4822
"","IT","male","mining","low",-1.352,-1.3856
"","IT","male","mining","low",-1.2594,-1.3
"","IT","male","mining","low",-1.0985,-1.1537
"","IT","male","mining","low",-0.9821,-1.05
"","IT","male","mining","low",-0.8549,-0.9383
"","IT","male","mining","low",-0.7614,-0.8579
"","IT","male","mining","low",-0.7028,-0.8089
"","IT","male","mining","low",-0.6455,-0.7625
"","IT","male","mining","low",-0.5534,-0.6909
"","IT","male","mining","low",-0.4736,-0.6322
"","IT","male","mining","low",-0.4285,-0.6004
"","IT","male","mining","low",-0.3892,-0.5737
"","IT","male","mining","low",-0.3228,-0.5308
"","IT","male","mining","low",-0.2329,-0.4763
"","IT","male","mining","low",-0.1158,-0.412
"","IT","male","mining","low",0.0125,-0.3505
"","IT","male","mining","low",0.2348,-0.2625
"","IT","male","mining","low",0.3934,-0.2092
"","IT","male","mining","low",0.6203,-0.15
"","IT","male","mining","low",0.9132,-0.1
"","IT","male","mining","low",1.3509,-0.0575
"","IT","male","mining","low",1.7221,-0.0392
"","IT","male","mining","low",2.3249,-0.0236
"","IT","male","mining","low",3.0887,-0.0161
"","IT","male","mining","low",3.7224,-0.0119
"","IT","male","mining","low",3.9812,-0.0105
"","IT","male","mining","low",4.0437,-0.0102
"","IT","male","mining","low",5.1189,-0.0059
"","IT","male","mining","low",5.3928,-0.005
"","IT","male","mining","low",8.7342,0
"","IT","male","mining","medium",-2.1433,-2.1433
"","IT","male","mining","medium",-1.8691,-1.8716
"","IT","male","mining","medium",-1.592,-1.6018
"","IT","male","mining","medium",-1.2945,-1.3177
"","IT","male","mining","medium",-1.0685,-1.1074
"","IT","male","mining","medium",-0.9028,-0.9585
"","IT","male","mining","medium",-0.7853,-0.8566
"","IT","male","mining","medium",-0.6764,-0.7677
"","IT","male","mining","medium",-0.5407,-0.6656
"","IT","male","mining","medium",-0.4263,-0.5877
"","IT","male","mining","medium",-0.3302,-0.5289
"","IT","male","mining","medium",-0.1916,-0.4553
"","IT","male","mining","medium",0.012,-0.3656
"","IT","male","mining","medium",0.191,-0.3002
"","IT","male","mining","medium",0.5458,-0.2011
"","IT","male","mining","medium",0.811,-0.147
"","IT","male","mining","medium",1.1952,-0.092
"","IT","male","mining","medium",1.6242,-0.0539
"","IT","male","mining","medium",1.9679,-0.0341
"","IT","male","mining","medium",2.2563,-0.0242
"","IT","male","mining","medium",3.1562,-0.01
"","IT","male","mining","medium",4.2379,-0.0043
"","IT","male","mining","medium",5.058,-0.0021
"","IT","male","mining","medium",5.4081,-0.0016
"","IT","male","mining","medium",6.1191,-6e-04
"","IT","male","mining","medium",6.9186,0
"","IT","male","mining","high",-1.6358,-1.6358
"","IT","male","mining","high",-1.2653,-1.2743
"","IT","male","mining","high",-0.9825,-1.0089
"","IT","male","mining","high",-0.8129,-0.8576
"","IT","male","mining","high",-0.6192,-0.7057
"","IT","male","mining","high",-0.4743,-0.6007
"","IT","male","mining","high",-0.325,-0.5094
"","IT","male","mining","high",-0.1116,-0.4021
"","IT","male","mining","high",0.1088,-0.3086
"","IT","male","mining","high",0.2839,-0.2518
"","IT","male","mining","high",0.5082,-0.1989
"","IT","male","mining","high",0.8715,-0.1509
"","IT","male","mining","high",1.3437,-0.1038
"","IT","male","mining","high",1.9522,-0.057
"","IT","male","mining","high",2.6354,-0.0221
"","IT","male","mining","high",3.1683,-0.0111
"","IT","male","mining","high",3.3444,-0.0091
"","IT","male","mining","high",5.3293,0
"","IT","female","mining","low",-2.0427,-2.0427
"","IT","female","mining","low",-1.5893,-1.5984
"","IT","female","mining","low",-1.1666,-1.2038
"","IT","female","mining","low",-0.8284,-0.9105
"","IT","female","mining","low",-0.6287,-0.7499
"","IT","female","mining","low",-0.4022,-0.5849
"","IT","female","mining","low",-0.1822,-0.44589
"","IT","female","mining","low",0.0976,-0.3099
"","IT","female","mining","low",0.4023,-0.2108
"","IT","female","mining","low",0.4806,-0.1914
"","IT","female","mining","low",0.6045,-0.1662
"","IT","female","mining","low",0.823,-0.129
"","IT","female","mining","low",1.054,-0.0993
"","IT","female","mining","low",1.7464,-0.0502
"","IT","female","mining","low",2.3481,-0.026
"","IT","female","mining","low",2.8356,-0.015
"","IT","female","mining","low",2.9672,-0.0135
"","IT","female","mining","low",6.107,0
"","IT","female","mining","medium",-2.277,-2.277
"","IT","female","mining","medium",-2.0046,-2.0085
"","IT","female","mining","medium",-1.6307,-1.65
"","IT","female","mining","medium",-1.2669,-1.3065
"","IT","female","mining","medium",-1.0393,-1.1003
"","IT","female","mining","medium",-0.9046,-0.9814
"","IT","female","mining","medium",-0.7949,-0.8881
"","IT","female","mining","medium",-0.6289,-0.7554
"","IT","female","mining","medium",-0.5628,-0.7053
"","IT","female","mining","medium",-0.4881,-0.652
"","IT","female","mining","medium",-0.4203,-0.6058
"","IT","female","mining","medium",-0.3355,-0.5509
"","IT","female","mining","medium",-0.2562,-0.5029
"","IT","female","mining","medium",-0.1773,-0.4588
"","IT","female","mining","medium",-0.075,-0.4068
"","IT","female","mining","medium",0.0194,-0.3638
"","IT","female","mining","medium",0.1638,-0.3057
"","IT","female","mining","medium",0.3106,-0.2549
"","IT","female","mining","medium",0.4996,-0.2005
"","IT","female","mining","medium",0.7704,-0.1412
"","IT","female","mining","medium",1.0269,-0.0994
"","IT","female","mining","medium",1.344,-0.0606
"","IT","female","mining","medium",1.6281,-0.0402
"","IT","female","mining","medium",2.2378,-0.0193
"","IT","female","mining","medium",2.6657,-0.012
"","IT","female","mining","medium",3.3064,-0.0054
"","IT","female","mining","medium",4.1249,-0.0033
"","IT","female","mining","medium",6.3384,0
"","IT","female","mining","high",-1.7955,-1.7955
"","IT","female","mining","high",-1.1324,-1.143
"","IT","female","mining","high",-0.8759,-0.9044
"","IT","female","mining","high",-0.7448,-0.7976
"","IT","female","mining","high",-0.5959,-0.691
"","IT","female","mining","high",-0.4507,-0.5996
"","IT","female","mining","high",-0.2235,-0.4767
"","IT","female","mining","high",0.1138,-0.3343
"","IT","female","mining","high",0.4051,-0.2524
"","IT","female","mining","high",0.6195,-0.2066
"","IT","female","mining","high",1.2243,-0.1108
"","IT","female","mining","high",1.6961,-0.0589
"","IT","female","mining","high",2.0576,-0.0363
"","IT","female","mining","high",3.0763,-0.0057
"","IT","female","mining","high",3.5053,0
"","IT","male","manufacturing","low",-2.2864,-2.2864
"","IT","male","manufacturing","low",-2.2017,-2.2019
"","IT","male","manufacturing","low",-2.0975,-2.099
"","IT","male","manufacturing","low",-1.8973,-1.9029
"","IT","male","manufacturing","low",-1.774,-1.7838
"","IT","male","manufacturing","low",-1.6638,-1.678
"","IT","male","manufacturing","low",-1.5917,-1.6096
"","IT","male","manufacturing","low",-1.514,-1.5366
"","IT","male","manufacturing","low",-1.4558,-1.4822
"","IT","male","manufacturing","low",-1.352,-1.3856
"","IT","male","manufacturing","low",-1.2594,-1.3
"","IT","male","manufacturing","low",-1.0985,-1.1537
"","IT","male","manufacturing","low",-0.9821,-1.05
"","IT","male","manufacturing","low",-0.8549,-0.9383
"","IT","male","manufacturing","low",-0.7614,-0.8579
"","IT","male","manufacturing","low",-0.7028,-0.8089
"","IT","male","manufacturing","low",-0.6455,-0.7625
"","IT","male","manufacturing","low",-0.5534,-0.6909
"","IT","male","manufacturing","low",-0.4736,-0.6322
"","IT","male","manufacturing","low",-0.4285,-0.6004
"","IT","male","manufacturing","low",-0.3892,-0.5737
"","IT","male","manufacturing","low",-0.3228,-0.5308
"","IT","male","manufacturing","low",-0.2329,-0.4763
"","IT","male","manufacturing","low",-0.1158,-0.412
"","IT","male","manufacturing","low",0.0125,-0.3505
"","IT","male","manufacturing","low",0.2348,-0.2625
"","IT","male","manufacturing","low",0.3934,-0.2092
"","IT","male","manufacturing","low",0.6203,-0.15
"","IT","male","manufacturing","low",0.9132,-0.1
"","IT","male","manufacturing","low",1.3509,-0.0575
"","IT","male","manufacturing","low",1.7221,-0.0392
"","IT","male","manufacturing","low",2.3249,-0.0236
"","IT","male","manufacturing","low",3.0887,-0.0161
"","IT","male","manufacturing","low",3.7224,-0.0119
"","IT","male","manufacturing","low",3.9812,-0.0105
"","IT","male","manufacturing","low",4.0437,-0.0102
"","IT","male","manufacturing","low",5.1189,-0.0059
"","IT","male","manufacturing","low",5.3928,-0.005
"","IT","male","manufacturing","low",8.7342,0
"","IT","male","manufacturing","medium",-2.1433,-2.1433
"","IT","male","manufacturing","medium",-1.8691,-1.8716
"","IT","male","manufacturing","medium",-1.592,-1.6018
"","IT","male","manufacturing","medium",-1.2945,-1.3177
"","IT","male","manufacturing","medium",-1.0685,-1.1074
"","IT","male","manufacturing","medium",-0.9028,-0.9585
"","IT","male","manufacturing","medium",-0.7853,-0.8566
"","IT","male","manufacturing","medium",-0.6764,-0.7677
"","IT","male","manufacturing","medium",-0.5407,-0.6656
"","IT","male","manufacturing","medium",-0.4263,-0.5877
"","IT","male","manufacturing","medium",-0.3302,-0.5289
"","IT","male","manufacturing","medium",-0.1916,-0.4553
"","IT","male","manufacturing","medium",0.012,-0.3656
"","IT","male","manufacturing","medium",0.191,-0.3002
"","IT","male","manufacturing","medium",0.5458,-0.2011
"","IT","male","manufacturing","medium",0.811,-0.147
"","IT","male","manufacturing","medium",1.1952,-0.092
"","IT","male","manufacturing","medium",1.6242,-0.0539
"","IT","male","manufacturing","medium",1.9679,-0.0341
"","IT","male","manufacturing","medium",2.2563,-0.0242
"","IT","male","manufacturing","medium",3.1562,-0.01
"","IT","male","manufacturing","medium",4.2379,-0.0043
"","IT","male","manufacturing","medium",5.058,-0.0021
"","IT","male","manufacturing","medium",5.4081,-0.0016
"","IT","male","manufacturing","medium",6.1191,-6e-04
"","IT","male","manufacturing","medium",6.9186,0
"","IT","male","manufacturing","high",-1.6358,-1.6358
"","IT","male","manufacturing","high",-1.2653,-1.2743
"","IT","male","manufacturing","high",-0.9825,-1.0089
"","IT","male","manufacturing","high",-0.8129,-0.8576
"","IT","male","manufacturing","high",-0.6192,-0.7057
"","IT","male","manufacturing","high",-0.4743,-0.6007
"","IT","male","manufacturing","high",-0.325,-0.5094
"","IT","male","manufacturing","high",-0.1116,-0.4021
"","IT","male","manufacturing","high",0.1088,-0.3086
"","IT","male","manufacturing","high",0.2839,-0.2518
"","IT","male","manufacturing","high",0.5082,-0.1989
"","IT","male","manufacturing","high",0.8715,-0.1509
"","IT","male","manufacturing","high",1.3437,-0.1038
"","IT","male","manufacturing","high",1.9522,-0.057
"","IT","male","manufacturing","high",2.6354,-0.0221
"","IT","male","manufacturing","high",3.1683,-0.0111
"","IT","male","manufacturing","high",3.3444,-0.0091
"","IT","male","manufacturing","high",5.3293,0
"","IT","female","manufacturing","low",-2.0427,-2.0427
"","IT","female","manufacturing","low",-1.5893,-1.5984
"","IT","female","manufacturing","low",-1.1666,-1.2038
"","IT","female","manufacturing","low",-0.8284,-0.9105
"","IT","female","manufacturing","low",-0.6287,-0.7499
"","IT","female","manufacturing","low",-0.4022,-0.5849
"","IT","female","manufacturing","low",-0.1822,-0.44589
"","IT","female","manufacturing","low",0.0976,-0.3099
"","IT","female","manufacturing","low",0.4023,-0.2108
"","IT","female","manufacturing","low",0.4806,-0.1914
"","IT","female","manufacturing","low",0.6045,-0.1662
"","IT","female","manufacturing","low",0.823,-0.129
"","IT","female","manufacturing","low",1.054,-0.0993
"","IT","female","manufacturing","low",1.7464,-0.0502
"","IT","female","manufacturing","low",2.3481,-0.026
"","IT","female","manufacturing","low",2.8356,-0.015
"","IT","female","manufacturing","low",2.9672,-0.0135
"","IT","female","manufacturing","low",6.107,0
"","IT","female","manufacturing","medium",-2.277,-2.277
"","IT","female","manufacturing","medium",-2.0046,-2.0085
"","IT","female","manufacturing","medium",-1.6307,-1.65
"","IT","female","manufacturing","medium",-1.2669,-1.3065
"","IT","female","manufacturing","medium",-1.0393,-1.1003
"","IT","female","manufacturing","medium",-0.9046,-0.9814
"","IT","female","manufacturing","medium",-0.7949,-0.8881
"","IT","female","manufacturing","medium",-0.6289,-0.7554
"","IT","female","manufacturing","medium",-0.5628,-0.7053
"","IT","female","manufacturing","medium",-0.4881,-0.652
"","IT","female","manufacturing","medium",-0.4203,-0.6058
"","IT","female","manufacturing","medium",-0.3355,-0.5509
"","IT","female","manufacturing","medium",-0.2562,-0.5029
"","IT","female","manufacturing","medium",-0.1773,-0.4588
"","IT","female","manufacturing","medium",-0.075,-0.4068
"","IT","female","manufacturing","medium",0.0194,-0.3638
"","IT","female","manufacturing","medium",0.1638,-0.3057
"","IT","female","manufacturing","medium",0.3106,-0.2549
"","IT","female","manufacturing","medium",0.4996,-0.2005
"","IT","female","manufacturing","medium",0.7704,-0.1412
"","IT","female","manufacturing","medium",1.0269,-0.0994
"","IT","female","manufacturing","medium",1.344,-0.0606
"","IT","female","manufacturing","medium",1.6281,-0.0402
"","IT","female","manufacturing","medium",2.2378,-0.0193
"","IT","female","manufacturing","medium",2.6657,-0.012
"","IT","female","manufacturing","medium",3.3064,-0.0054
"","IT","female","manufacturing","medium",4.1249,-0.0033
"","IT","female","manufacturing","medium",6.3384,0
"","IT","female","manufacturing","high",-1.7955,-1.7955
"","IT","female","manufacturing","high",-1.1324,-1.143
"","IT","female","manufacturing","high",-0.8759,-0.9044
"","IT","female","manufacturing","high",-0.7448,-0.7976
"","IT","female","manufacturing","high",-0.5959,-0.691
"","IT","female","manufacturing","high",-0.4507,-0.5996
"","IT","female","manufacturing","high",-0.2235,-0.4767
"","IT","female","manufacturing","high",0.1138,-0.3343
"","IT","female","manufacturing","high",0.4051,-0.2524
"","IT","female","manufacturing","high",0.6195,-0.2066
"","IT","female","manufacturing","high",1.2243,-0.1108
"","IT","female","manufacturing","high",1.6961,-0.0589
"","IT","female","manufacturing","high",2.0576,-0.0363
"","IT","female","manufacturing","high",3.0763,-0.0057
"","IT","female","manufacturing","high",3.5053,0
"","IT","male","petroleum","low",-2.2864,-2.2864
"","IT","male","petroleum","low",-2.2017,-2.2019
"","IT","male","petroleum","low",-2.0975,-2.099
"","IT","male","petroleum","low",-1.8973,-1.9029
"","IT","male","petroleum","low",-1.774,-1.7838
"","IT","male","petroleum","low",-1.6638,-1.678
"","IT","male","petroleum","low",-1.5917,-1.6096
"","IT","male","petroleum","low",-1.514,-1.5366
"","IT","male","petroleum","low",-1.4558,-1.4822
"","IT","male","petroleum","low",-1.352,-1.3856
"","IT","male","petroleum","low",-1.2594,-1.3
"","IT","male","petroleum","low",-1.0985,-1.1537
"","IT","male","petroleum","low",-0.9821,-1.05
"","IT","male","petroleum","low",-0.8549,-0.9383
"","IT","male","petroleum","low",-0.7614,-0.8579
"","IT","male","petroleum","low",-0.7028,-0.8089
"","IT","male","petroleum","low",-0.6455,-0.7625
"","IT","male","petroleum","low",-0.5534,-0.6909
"","IT","male","petroleum","low",-0.4736,-0.6322
"","IT","male","petroleum","low",-0.4285,-0.6004
"","IT","male","petroleum","low",-0.3892,-0.5737
"","IT","male","petroleum","low",-0.3228,-0.5308
"","IT","male","petroleum","low",-0.2329,-0.4763
"","IT","male","petroleum","low",-0.1158,-0.412
"","IT","male","petroleum","low",0.0125,-0.3505
"","IT","male","petroleum","low",0.2348,-0.2625
"","IT","male","petroleum","low",0.3934,-0.2092
"","IT","male","petroleum","low",0.6203,-0.15
"","IT","male","petroleum","low",0.9132,-0.1
"","IT","male","petroleum","low",1.3509,-0.0575
"","IT","male","petroleum","low",1.7221,-0.0392
"","IT","male","petroleum","low",2.3249,-0.0236
"","IT","male","petroleum","low",3.0887,-0.0161
"","IT","male","petroleum","low",3.7224,-0.0119
"","IT","male","petroleum","low",3.9812,-0.0105
"","IT","male","petroleum","low",4.0437,-0.0102
"","IT","male","petroleum","low",5.1189,-0.0059
"","IT","male","petroleum","low",5.3928,-0.005
"","IT","male","petroleum","low",8.7342,0
"","IT","male","petroleum","medium",-2.1433,-2.1433
"","IT","male","petroleum","medium",-1.8691,-1.8716
"","IT","male","petroleum","medium",-1.592,-1.6018
"","IT","male","petroleum","medium",-1.2945,-1.3177
"","IT","male","petroleum","medium",-1.0685,-1.1074
"","IT","male","petroleum","medium",-0.9028,-0.9585
"","IT","male","petroleum","medium",-0.7853,-0.8566
"","IT","male","petroleum","medium",-0.6764,-0.7677
"","IT","male","petroleum","medium",-0.5407,-0.6656
"","IT","male","petroleum","medium",-0.4263,-0.5877
"","IT","male","petroleum","medium",-0.3302,-0.5289
"","IT","male","petroleum","medium",-0.1916,-0.4553
"","IT","male","petroleum","medium",0.012,-0.3656
"","IT","male","petroleum","medium",0.191,-0.3002
"","IT","male","petroleum","medium",0.5458,-0.2011
"","IT","male","petroleum","medium",0.811,-0.147
"","IT","male","petroleum","medium",1.1952,-0.092
"","IT","male","petroleum","medium",1.6242,-0.0539
"","IT","male","petroleum","medium",1.9679,-0.0341
"","IT","male","petroleum","medium",2.2563,-0.0242
"","IT","male","petroleum","medium",3.1562,-0.01
"","IT","male","petroleum","medium",4.2379,-0.0043
"","IT","male","petroleum","medium",5.058,-0.0021
"","IT","male","petroleum","medium",5.4081,-0.0016
"","IT","male","petroleum","medium",6.1191,-6e-04
"","IT","male","petroleum","medium",6.9186,0
"","IT","male","petroleum","high",-1.6358,-1.6358
"","IT","male","petroleum","high",-1.2653,-1.2743
"","IT","male","petroleum","high",-0.9825,-1.0089
"","IT","male","petroleum","high",-0.8129,-0.8576
"","IT","male","petroleum","high",-0.6192,-0.7057
"","IT","male","petroleum","high",-0.4743,-0.6007
"","IT","male","petroleum","high",-0.325,-0.5094
"","IT","male","petroleum","high",-0.1116,-0.4021
"","IT","male","petroleum","high",0.1088,-0.3086
"","IT","male","petroleum","high",0.2839,-0.2518
"","IT","male","petroleum","high",0.5082,-0.1989
"","IT","male","petroleum","high",0.8715,-0.1509
"","IT","male","petroleum","high",1.3437,-0.1038
"","IT","male","petroleum","high",1.9522,-0.057
"","IT","male","petroleum","high",2.6354,-0.0221
"","IT","male","petroleum","high",3.1683,-0.0111
"","IT","male","petroleum","high",3.3444,-0.0091
"","IT","male","petroleum","high",5.3293,0
"","IT","female","petroleum","low",-2.0427,-2.0427
"","IT","female","petroleum","low",-1.5893,-1.5984
"","IT","female","petroleum","low",-1.1666,-1.2038
"","IT","female","petroleum","low",-0.8284,-0.9105
"","IT","female","petroleum","low",-0.6287,-0.7499
"","IT","female","petroleum","low",-0.4022,-0.5849
"","IT","female","petroleum","low",-0.1822,-0.44589
"","IT","female","petroleum","low",0.0976,-0.3099
"","IT","female","petroleum","low",0.4023,-0.2108
"","IT","female","petroleum","low",0.4806,-0.1914
"","IT","female","petroleum","low",0.6045,-0.1662
"","IT","female","petroleum","low",0.823,-0.129
"","IT","female","petroleum","low",1.054,-0.0993
"","IT","female","petroleum","low",1.7464,-0.0502
"","IT","female","petroleum","low",2.3481,-0.026
"","IT","female","petroleum","low",2.8356,-0.015
"","IT","female","petroleum","low",2.9672,-0.0135
"","IT","female","petroleum","low",6.107,0
"","IT","female","petroleum","medium",-2.277,-2.277
"","IT","female","petroleum","medium",-2.0046,-2.0085
"","IT","female","petroleum","medium",-1.6307,-1.65
"","IT","female","petroleum","medium",-1.2669,-1.3065
"","IT","female","petroleum","medium",-1.0393,-1.1003
"","IT","female","petroleum","medium",-0.9046,-0.9814
"","IT","female","petroleum","medium",-0.7949,-0.8881
"","IT","female","petroleum","medium",-0.6289,-0.7554
"","IT","female","petroleum","medium",-0.5628,-0.7053
"","IT","female","petroleum","medium",-0.4881,-0.652
"","IT","female","petroleum","medium",-0.4203,-0.6058
"","IT","female","petroleum","medium",-0.3355,-0.5509
"","IT","female","petroleum","medium",-0.2562,-0.5029
"","IT","female","petroleum","medium",-0.1773,-0.4588
"","IT","female","petroleum","medium",-0.075,-0.4068
"","IT","female","petroleum","medium",0.0194,-0.3638
"","IT","female","petroleum","medium",0.1638,-0.3057
"","IT","female","petroleum","medium",0.3106,-0.2549
"","IT","female","petroleum","medium",0.4996,-0.2005
"","IT","female","petroleum","medium",0.7704,-0.1412
"","IT","female","petroleum","medium",1.0269,-0.0994
"","IT","female","petroleum","medium",1.344,-0.0606
"","IT","female","petroleum","medium",1.6281,-0.0402
"","IT","female","petroleum","medium",2.2378,-0.0193
"","IT","female","petroleum","medium",2.6657,-0.012
"","IT","female","petroleum","medium",3.3064,-0.0054
"","IT","female","petroleum","medium",4.1249,-0.0033
"","IT","female","petroleum","medium",6.3384,0
"","IT","female","petroleum","high",-1.7955,-1.7955
"","IT","female","petroleum","high",-1.1324,-1.143
"","IT","female","petroleum","high",-0.8759,-0.9044
"","IT","female","petroleum","high",-0.7448,-0.7976
"","IT","female","petroleum","high",-0.5959,-0.691
"","IT","female","petroleum","high",-0.4507,-0.5996
"","IT","female","petroleum","high",-0.2235,-0.4767
"","IT","female","petroleum","high",0.1138,-0.3343
"","IT","female","petroleum","high",0.4051,-0.2524
"","IT","female","petroleum","high",0.6195,-0.2066
"","IT","female","petroleum","high",1.2243,-0.1108
"","IT","female","petroleum","high",1.6961,-0.0589
"","IT","female","petroleum","high",2.0576,-0.0363
"","IT","female","petroleum","high",3.0763,-0.0057
"","IT","female","petroleum","high",3.5053,0
"","IT","male","electricity","low",-2.2864,-2.2864
"","IT","male","electricity","low",-2.2017,-2.2019
"","IT","male","electricity","low",-2.0975,-2.099
"","IT","male","electricity","low",-1.8973,-1.9029
"","IT","male","electricity","low",-1.774,-1.7838
"","IT","male","electricity","low",-1.6638,-1.678
"","IT","male","electricity","low",-1.5917,-1.6096
"","IT","male","electricity","low",-1.514,-1.5366
"","IT","male","electricity","low",-1.4558,-1.4822
"","IT","male","electricity","low",-1.352,-1.3856
"","IT","male","electricity","low",-1.2594,-1.3
"","IT","male","electricity","low",-1.0985,-1.1537
"","IT","male","electricity","low",-0.9821,-1.05
"","IT","male","electricity","low",-0.8549,-0.9383
"","IT","male","electricity","low",-0.7614,-0.8579
"","IT","male","electricity","low",-0.7028,-0.8089
"","IT","male","electricity","low",-0.6455,-0.7625
"","IT","male","electricity","low",-0.5534,-0.6909
"","IT","male","electricity","low",-0.4736,-0.6322
"","IT","male","electricity","low",-0.4285,-0.6004
"","IT","male","electricity","low",-0.3892,-0.5737
"","IT","male","electricity","low",-0.3228,-0.5308
"","IT","male","electricity","low",-0.2329,-0.4763
"","IT","male","electricity","low",-0.1158,-0.412
"","IT","male","electricity","low",0.0125,-0.3505
"","IT","male","electricity","low",0.2348,-0.2625
"","IT","male","electricity","low",0.3934,-0.2092
"","IT","male","electricity","low",0.6203,-0.15
"","IT","male","electricity","low",0.9132,-0.1
"","IT","male","electricity","low",1.3509,-0.0575
"","IT","male","electricity","low",1.7221,-0.0392
"","IT","male","electricity","low",2.3249,-0.0236
"","IT","male","electricity","low",3.0887,-0.0161
"","IT","male","electricity","low",3.7224,-0.0119
"","IT","male","electricity","low",3.9812,-0.0105
"","IT","male","electricity","low",4.0437,-0.0102
"","IT","male","electricity","low",5.1189,-0.0059
"","IT","male","electricity","low",5.3928,-0.005
"","IT","male","electricity","low",8.7342,0
"","IT","male","electricity","medium",-2.1433,-2.1433
"","IT","male","electricity","medium",-1.8691,-1.8716
"","IT","male","electricity","medium",-1.592,-1.6018
"","IT","male","electricity","medium",-1.2945,-1.3177
"","IT","male","electricity","medium",-1.0685,-1.1074
"","IT","male","electricity","medium",-0.9028,-0.9585
"","IT","male","electricity","medium",-0.7853,-0.8566
"","IT","male","electricity","medium",-0.6764,-0.7677
"","IT","male","electricity","medium",-0.5407,-0.6656
"","IT","male","electricity","medium",-0.4263,-0.5877
"","IT","male","electricity","medium",-0.3302,-0.5289
"","IT","male","electricity","medium",-0.1916,-0.4553
"","IT","male","electricity","medium",0.012,-0.3656
"","IT","male","electricity","medium",0.191,-0.3002
"","IT","male","electricity","medium",0.5458,-0.2011
"","IT","male","electricity","medium",0.811,-0.147
"","IT","male","electricity","medium",1.1952,-0.092
"","IT","male","electricity","medium",1.6242,-0.0539
"","IT","male","electricity","medium",1.9679,-0.0341
"","IT","male","electricity","medium",2.2563,-0.0242
"","IT","male","electricity","medium",3.1562,-0.01
"","IT","male","electricity","medium",4.2379,-0.0043
"","IT","male","electricity","medium",5.058,-0.0021
"","IT","male","electricity","medium",5.4081,-0.0016
"","IT","male","electricity","medium",6.1191,-6e-04
"","IT","male","electricity","medium",6.9186,0
"","IT","male","electricity","high",-1.6358,-1.6358
"","IT","male","electricity","high",-1.2653,-1.2743
"","IT","male","electricity","high",-0.9825,-1.0089
"","IT","male","electricity","high",-0.8129,-0.8576
"","IT","male","electricity","high",-0.6192,-0.7057
"","IT","male","electricity","high",-0.4743,-0.6007
"","IT","male","electricity","high",-0.325,-0.5094
"","IT","male","electricity","high",-0.1116,-0.4021
"","IT","male","electricity","high",0.1088,-0.3086
"","IT","male","electricity","high",0.2839,-0.2518
"","IT","male","electricity","high",0.5082,-0.1989
"","IT","male","electricity","high",0.8715,-0.1509
"","IT","male","electricity","high",1.3437,-0.1038
"","IT","male","electricity","high",1.9522,-0.057
"","IT","male","electricity","high",2.6354,-0.0221
"","IT","male","electricity","high",3.1683,-0.0111
"","IT","male","electricity","high",3.3444,-0.0091
"","IT","male","electricity","high",5.3293,0
"","IT","female","electricity","low",-2.0427,-2.0427
"","IT","female","electricity","low",-1.5893,-1.5984
"","IT","female","electricity","low",-1.1666,-1.2038
"","IT","female","electricity","low",-0.8284,-0.9105
"","IT","female","electricity","low",-0.6287,-0.7499
"","IT","female","electricity","low",-0.4022,-0.5849
"","IT","female","electricity","low",-0.1822,-0.44589
"","IT","female","electricity","low",0.0976,-0.3099
"","IT","female","electricity","low",0.4023,-0.2108
"","IT","female","electricity","low",0.4806,-0.1914
"","IT","female","electricity","low",0.6045,-0.1662
"","IT","female","electricity","low",0.823,-0.129
"","IT","female","electricity","low",1.054,-0.0993
"","IT","female","electricity","low",1.7464,-0.0502
"","IT","female","electricity","low",2.3481,-0.026
"","IT","female","electricity","low",2.8356,-0.015
"","IT","female","electricity","low",2.9672,-0.0135
"","IT","female","electricity","low",6.107,0
"","IT","female","electricity","medium",-2.277,-2.277
"","IT","female","electricity","medium",-2.0046,-2.0085
"","IT","female","electricity","medium",-1.6307,-1.65
"","IT","female","electricity","medium",-1.2669,-1.3065
"","IT","female","electricity","medium",-1.0393,-1.1003
"","IT","female","electricity","medium",-0.9046,-0.9814
"","IT","female","electricity","medium",-0.7949,-0.8881
"","IT","female","electricity","medium",-0.6289,-0.7554
"","IT","female","electricity","medium",-0.5628,-0.7053
"","IT","female","electricity","medium",-0.4881,-0.652
"","IT","female","electricity","medium",-0.4203,-0.6058
"","IT","female","electricity","medium",-0.3355,-0.5509
"","IT","female","electricity","medium",-0.2562,-0.5029
"","IT","female","electricity","medium",-0.1773,-0.4588
"","IT","female","electricity","medium",-0.075,-0.4068
"","IT","female","electricity","medium",0.0194,-0.3638
"","IT","female","electricity","medium",0.1638,-0.3057
"","IT","female","electricity","medium",0.3106,-0.2549
"","IT","female","electricity","medium",0.4996,-0.2005
"","IT","female","electricity","medium",0.7704,-0.1412
"","IT","female","electricity","medium",1.0269,-0.0994
"","IT","female","electricity","medium",1.344,-0.0606
"","IT","female","electricity","medium",1.6281,-0.0402
"","IT","female","electricity","medium",2.2378,-0.0193
"","IT","female","electricity","medium",2.6657,-0.012
"","IT","female","electricity","medium",3.3064,-0.0054
"","IT","female","electricity","medium",4.1249,-0.0033
"","IT","female","electricity","medium",6.3384,0
"","IT","female","electricity","high",-1.7955,-1.7955
"","IT","female","electricity","high",-1.1324,-1.143
"","IT","female","electricity","high",-0.8759,-0.9044
"","IT","female","electricity","high",-0.7448,-0.7976
"","IT","female","electricity","high",-0.5959,-0.691
"","IT","female","electricity","high",-0.4507,-0.5996
"","IT","female","electricity","high",-0.2235,-0.4767
"","IT","female","electricity","high",0.1138,-0.3343
"","IT","female","electricity","high",0.4051,-0.2524
"","IT","female","electricity","high",0.6195,-0.2066
"","IT","female","electricity","high",1.2243,-0.1108
"","IT","female","electricity","high",1.6961,-0.0589
"","IT","female","electricity","high",2.0576,-0.0363
"","IT","female","electricity","high",3.0763,-0.0057
"","IT","female","electricity","high",3.5053,0
"","IT","male","water","low",-2.2864,-2.2864
"","IT","male","water","low",-2.2017,-2.2019
"","IT","male","water","low",-2.0975,-2.099
"","IT","male","water","low",-1.8973,-1.9029
"","IT","male","water","low",-1.774,-1.7838
"","IT","male","water","low",-1.6638,-1.678
"","IT","male","water","low",-1.5917,-1.6096
"","IT","male","water","low",-1.514,-1.5366
"","IT","male","water","low",-1.4558,-1.4822
"","IT","male","water","low",-1.352,-1.3856
"","IT","male","water","low",-1.2594,-1.3
"","IT","male","water","low",-1.0985,-1.1537
"","IT","male","water","low",-0.9821,-1.05
"","IT","male","water","low",-0.8549,-0.9383
"","IT","male","water","low",-0.7614,-0.8579
"","IT","male","water","low",-0.7028,-0.8089
"","IT","male","water","low",-0.6455,-0.7625
"","IT","male","water","low",-0.5534,-0.6909
"","IT","male","water","low",-0.4736,-0.6322
"","IT","male","water","low",-0.4285,-0.6004
"","IT","male","water","low",-0.3892,-0.5737
"","IT","male","water","low",-0.3228,-0.5308
"","IT","male","water","low",-0.2329,-0.4763
"","IT","male","water","low",-0.1158,-0.412
"","IT","male","water","low",0.0125,-0.3505
"","IT","male","water","low",0.2348,-0.2625
"","IT","male","water","low",0.3934,-0.2092
"","IT","male","water","low",0.6203,-0.15
"","IT","male","water","low",0.9132,-0.1
"","IT","male","water","low",1.3509,-0.0575
"","IT","male","water","low",1.7221,-0.0392
"","IT","male","water","low",2.3249,-0.0236
"","IT","male","water","low",3.0887,-0.0161
"","IT","male","water","low",3.7224,-0.0119
"","IT","male","water","low",3.9812,-0.0105
"","IT","male","water","low",4.0437,-0.0102
"","IT","male","water","low",5.1189,-0.0059
"","IT","male","water","low",5.3928,-0.005
"","IT","male","water","low",8.7342,0
"","IT","male","water","medium",-2.1433,-2.1433
"","IT","male","water","medium",-1.8691,-1.8716
"","IT","male","water","medium",-1.592,-1.6018
"","IT","male","water","medium",-1.2945,-1.3177
"","IT","male","water","medium",-1.0685,-1.1074
"","IT","male","water","medium",-0.9028,-0.9585
"","IT","male","water","medium",-0.7853,-0.8566
"","IT","male","water","medium",-0.6764,-0.7677
"","IT","male","water","medium",-0.5407,-0.6656
"","IT","male","water","medium",-0.4263,-0.5877
"","IT","male","water","medium",-0.3302,-0.5289
"","IT","male","water","medium",-0.1916,-0.4553
"","IT","male","water","medium",0.012,-0.3656
"","IT","male","water","medium",0.191,-0.3002
"","IT","male","water","medium",0.5458,-0.2011
"","IT","male","water","medium",0.811,-0.147
"","IT","male","water","medium",1.1952,-0.092
"","IT","male","water","medium",1.6242,-0.0539
"","IT","male","water","medium",1.9679,-0.0341
"","IT","male","water","medium",2.2563,-0.0242
"","IT","male","water","medium",3.1562,-0.01
"","IT","male","water","medium",4.2379,-0.0043
"","IT","male","water","medium",5.058,-0.0021
"","IT","male","water","medium",5.4081,-0.0016
"","IT","male","water","medium",6.1191,-6e-04
"","IT","male","water","medium",6.9186,0
"","IT","male","water","high",-1.6358,-1.6358
"","IT","male","water","high",-1.2653,-1.2743
"","IT","male","water","high",-0.9825,-1.0089
"","IT","male","water","high",-0.8129,-0.8576
"","IT","male","water","high",-0.6192,-0.7057
"","IT","male","water","high",-0.4743,-0.6007
"","IT","male","water","high",-0.325,-0.5094
"","IT","male","water","high",-0.1116,-0.4021
"","IT","male","water","high",0.1088,-0.3086
"","IT","male","water","high",0.2839,-0.2518
"","IT","male","water","high",0.5082,-0.1989
"","IT","male","water","high",0.8715,-0.1509
"","IT","male","water","high",1.3437,-0.1038
"","IT","male","water","high",1.9522,-0.057
"","IT","male","water","high",2.6354,-0.0221
"","IT","male","water","high",3.1683,-0.0111
"","IT","male","water","high",3.3444,-0.0091
"","IT","male","water","high",5.3293,0
"","IT","female","water","low",-2.0427,-2.0427
"","IT","female","water","low",-1.5893,-1.5984
"","IT","female","water","low",-1.1666,-1.2038
"","IT","female","water","low",-0.8284,-0.9105
"","IT","female","water","low",-0.6287,-0.7499
"","IT","female","water","low",-0.4022,-0.5849
"","IT","female","water","low",-0.1822,-0.44589
"","IT","female","water","low",0.0976,-0.3099
"","IT","female","water","low",0.4023,-0.2108
"","IT","female","water","low",0.4806,-0.1914
"","IT","female","water","low",0.6045,-0.1662
"","IT","female","water","low",0.823,-0.129
"","IT","female","water","low",1.054,-0.0993
"","IT","female","water","low",1.7464,-0.0502
"","IT","female","water","low",2.3481,-0.026
"","IT","female","water","low",2.8356,-0.015
"","IT","female","water","low",2.9672,-0.0135
"","IT","female","water","low",6.107,0
"","IT","female","water","medium",-2.277,-2.277
"","IT","female","water","medium",-2.0046,-2.0085
"","IT","female","water","medium",-1.6307,-1.65
"","IT","female","water","medium",-1.2669,-1.3065
"","IT","female","water","medium",-1.0393,-1.1003
"","IT","female","water","medium",-0.9046,-0.9814
"","IT","female","water","medium",-0.7949,-0.8881
"","IT","female","water","medium",-0.6289,-0.7554
"","IT","female","water","medium",-0.5628,-0.7053
"","IT","female","water","medium",-0.4881,-0.652
"","IT","female","water","medium",-0.4203,-0.6058
"","IT","female","water","medium",-0.3355,-0.5509
"","IT","female","water","medium",-0.2562,-0.5029
"","IT","female","water","medium",-0.1773,-0.4588
"","IT","female","water","medium",-0.075,-0.4068
"","IT","female","water","medium",0.0194,-0.3638
"","IT","female","water","medium",0.1638,-0.3057
"","IT","female","water","medium",0.3106,-0.2549
"","IT","female","water","medium",0.4996,-0.2005
"","IT","female","water","medium",0.7704,-0.1412
"","IT","female","water","medium",1.0269,-0.0994
"","IT","female","water","medium",1.344,-0.0606
"","IT","female","water","medium",1.6281,-0.0402
"","IT","female","water","medium",2.2378,-0.0193
"","IT","female","water","medium",2.6657,-0.012
"","IT","female","water","medium",3.3064,-0.0054
"","IT","female","water","medium",4.1249,-0.0033
"","IT","female","water","medium",6.3384,0
"","IT","female","water","high",-1.7955,-1.7955
"","IT","female","water","high",-1.1324,-1.143
"","IT","female","water","high",-0.8759,-0.9044
"","IT","female","water","high",-0.7448,-0.7976
"","IT","female","water","high",-0.5959,-0.691
"","IT","female","water","high",-0.4507,-0.5996
"","IT","female","water","high",-0.2235,-0.4767
"","IT","female","water","high",0.1138,-0.3343
"","IT","female","water","high",0.4051,-0.2524
"","IT","female","water","high",0.6195,-0.2066
"","IT","female","water","high",1.2243,-0.1108
"","IT","female","water","high",1.6961,-0.0589
"","IT","female","water","high",2.0576,-0.0363
"","IT","female","water","high",3.0763,-0.0057
"","IT","female","water","high",3.5053,0
"","IT","male","construction","low",-2.1422,-2.1422
"","IT","male","construction","low",-1.8904,-1.8963
"","IT","male","construction","low",-1.587,-1.6081
"","IT","male","construction","low",-1.4696,-1.4999
"","IT","male","construction","low",-1.2286,-1.2869
"","IT","male","construction","low",-1.0172,-1.1063
"","IT","male","construction","low",-0.7734,-0.9076
"","IT","male","construction","low",-0.5665,-0.749
"","IT","male","construction","low",-0.4325,-0.653
"","IT","male","construction","low",-0.2195,-0.5095
"","IT","male","construction","low",-0.0543,-0.4095
"","IT","male","construction","low",0.1497,-0.3011
"","IT","male","construction","low",0.2668,-0.2501
"","IT","male","construction","low",0.3939,-0.2019
"","IT","male","construction","low",0.5236,-0.1616
"","IT","male","construction","low",0.708,-0.1202
"","IT","male","construction","low",0.8443,-0.098
"","IT","male","construction","low",1.1034,-0.071
"","IT","male","construction","low",1.4447,-0.0482
"","IT","male","construction","low",2.0995,-0.02
"","IT","male","construction","low",2.4579,-0.0111
"","IT","male","construction","low",2.8757,-0.0067
"","IT","male","construction","low",3.0837,-0.005
"","IT","male","construction","low",3.1058,-0.0049
"","IT","male","construction","low",3.7582,-0.0024
"","IT","male","construction","low",4.7945,0
"","IT","male","construction","medium",-1.6288,-1.6288
"","IT","male","construction","medium",-1.5002,-1.5033
"","IT","male","construction","medium",-1.1915,-1.2154
"","IT","male","construction","medium",-0.9534,-1.0029
"","IT","male","construction","medium",-0.7785,-0.8567
"","IT","male","construction","medium",-0.604,-0.7192
"","IT","male","construction","medium",-0.4375,-0.6002
"","IT","male","construction","medium",-0.2912,-0.5086
"","IT","male","construction","medium",0.0197,-0.3555
"","IT","male","construction","medium",0.5184,-0.2015
"","IT","male","construction","medium",1.0116,-0.1186
"","IT","male","construction","medium",1.2777,-0.09
"","IT","male","construction","medium",1.5119,-0.0709
"","IT","male","construction","medium",1.7361,-0.0571
"","IT","male","construction","medium",2.3087,-0.0284
"","IT","male","construction","medium",2.6065,-0.019
"","IT","male","construction","medium",3.0441,-0.0103
"","IT","male","construction","medium",3.4943,-0.0054
"","IT","male","construction","medium",3.932,-0.0039
"","IT","male","construction","medium",4.9633,-0.0013
"","IT","male","construction","medium",5.9448,0
"","IT","male","construction","high",-1.2095,-1.2095
"","IT","male","construction","high",-1.0417,-1.0554
"","IT","male","construction","high",-0.5056,-0.6547
"","IT","male","construction","high",-0.0957,-0.4221
"","IT","male","construction","high",0.4912,-0.237
"","IT","male","construction","high",1.1198,-0.1073
"","IT","male","construction","high",1.2356,-0.0884
"","IT","male","construction","high",1.4914,-0.0584
"","IT","male","construction","high",1.7441,-0.0383
"","IT","male","construction","high",2.0943,-0.0236
"","IT","male","construction","high",4.2559,0
"","IT","female","construction","low",-1.6627,-1.6627
"","IT","female","construction","low",-0.7974,-0.9322
"","IT","female","construction","low",-0.0209,-0.4308
"","IT","female","construction","low",0.537,-0.1689
"","IT","female","construction","low",0.7053,-0.1229
"","IT","female","construction","low",0.8418,-0.0947
"","IT","female","construction","low",1.1125,-0.0585
"","IT","female","construction","low",1.1153,-0.05829
"","IT","female","construction","low",2.31,0
"","IT","female","construction","medium",-2.1001,-2.1001
"","IT","female","construction","medium",-1.4298,-1.4626
"","IT","female","construction","medium",-1.0958,-1.1681
"","IT","female","construction","medium",-0.9276,-1.0325
"","IT","female","construction","medium",-0.533,-0.7374
"","IT","female","construction","medium",0.0398,-0.3943
"","IT","female","construction","medium",0.3487,-0.2524
"","IT","female","construction","medium",0.6136,-0.1577
"","IT","female","construction","medium",1.0573,-0.0515
"","IT","female","construction","medium",1.0967,-0.0457
"","IT","female","construction","medium",1.2101,-0.032
"","IT","female","construction","medium",1.3444,-0.0223
"","IT","female","construction","medium",1.5804,-0.016
"","IT","female","construction","medium",2.0944,-0.0086
"","IT","female","construction","medium",3.2166,0
"","IT","female","construction","high",-1.571,-1.571
"","IT","female","construction","high",-1.191,-1.2179
"","IT","female","construction","high",-1.0383,-1.0883
"","IT","female","construction","high",-0.5974,-0.7597
"","IT","female","construction","high",-0.4783,-0.6837
"","IT","female","construction","high",-0.344,-0.6083
"","IT","female","construction","high",-0.019,-0.4443
"","IT","female","construction","high",0.3759,-0.257
"","IT","female","construction","high",0.4748,-0.2168
"","IT","female","construction","high",0.6474,-0.1628
"","IT","female","construction","high",0.9568,-0.0883
"","IT","female","construction","high",1.0702,-0.0635
"","IT","female","construction","high",1.0846,-0.0611
"","IT","female","construction","high",2.2199,0
"","IT","male","trade","low",-2.0338,-2.0338
"","IT","male","trade","low",-1.8985,-1.9013
"","IT","male","trade","low",-1.7529,-1.7623
"","IT","male","trade","low",-1.5811,-1.6019
"","IT","male","trade","low",-1.4126,-1.4495
"","IT","male","trade","low",-1.2439,-1.3011
"","IT","male","trade","low",-0.8252,-0.9456
"","IT","male","trade","low",-0.4493,-0.6573
"","IT","male","trade","low",-0.2077,-0.4994
"","IT","male","trade","low",0.0029,-0.383
"","IT","male","trade","low",0.1091,-0.3311
"","IT","male","trade","low",0.3969,-0.2152
"","IT","male","trade","low",0.5338,-0.175
"","IT","male","trade","low",0.6328,-0.1503
"","IT","male","trade","low",0.8947,-0.1014
"","IT","male","trade","low",1.0902,-0.0752
"","IT","male","trade","low",1.3017,-0.0564
"","IT","male","trade","low",1.562,-0.0394
"","IT","male","trade","low",1.872,-0.0232
"","IT","male","trade","low",2.2201,-0.0125
"","IT","male","trade","low",2.2434,-0.012
"","IT","male","trade","low",2.6942,-0.0057
"","IT","male","trade","low",2.7311,-0.0053
"","IT","male","trade","low",3.3885,-2e-04
"","IT","male","trade","low",3.4067,-1e-04
"","IT","male","trade","low",3.4847,0
"","IT","male","trade","medium",-1.7099,-1.7099
"","IT","male","trade","medium",-1.5044,-1.5078
"","IT","male","trade","medium",-1.283,-1.2965
"","IT","male","trade","medium",-1.0655,-1.0981
"","IT","male","trade","medium",-0.8194,-0.8804
"","IT","male","trade","medium",-0.6762,-0.7595
"","IT","male","trade","medium",-0.4848,-0.6093
"","IT","male","trade","medium",-0.3342,-0.507
"","IT","male","trade","medium",-0.1505,-0.4044
"","IT","male","trade","medium",3e-04,-0.3364
"","IT","male","trade","medium",0.05,-0.318
"","IT","male","trade","medium",0.1015,-0.3009
"","IT","male","trade","medium",0.2788,-0.2524
"","IT","male","trade","medium",0.4752,-0.2084
"","IT","male","trade","medium",0.5844,-0.1886
"","IT","male","trade","medium",0.8916,-0.1416
"","IT","male","trade","medium",1.0258,-0.1255
"","IT","male","trade","medium",1.2177,-0.1054
"","IT","male","trade","medium",1.6006,-0.076
"","IT","male","trade","medium",2.0854,-0.05
"","IT","male","trade","medium",2.7838,-0.0262
"","IT","male","trade","medium",3.1488,-0.0165
"","IT","male","trade","medium",3.7892,-0.0065
"","IT","male","trade","medium",4.0783,-0.0035
"","IT","male","trade","medium",4.2601,-0.0022
"","IT","male","trade","medium",4.7669,-4e-04
"","IT","male","trade","medium",5.7348,0
"","IT","male","trade","high",-1.7565,-1.7565
"","IT","male","trade","high",-1.5076,-1.5189
"","IT","male","trade","high",-1.1984,-1.243
"","IT","male","trade","high",-0.9699,-1.0497
"","IT","male","trade","high",-0.5108,-0.6839
"","IT","male","trade","high",-0.2271,-0.4997
"","IT","male","trade","high",0.0286,-0.3577
"","IT","male","trade","high",0.102,-0.3232
"","IT","male","trade","high",0.3262,-0.2415
"","IT","male","trade","high",0.5039,-0.1903
"","IT","male","trade","high",0.8813,-0.1142
"","IT","male","trade","high",1.0617,-0.0914
"","IT","male","trade","high",1.3707,-0.0642
"","IT","male","trade","high",1.5425,-0.0523
"","IT","male","trade","high",1.8746,-0.0342
"","IT","male","trade","high",1.981,-0.0298
"","IT","male","trade","high",3.15,-0.0046
"","IT","male","trade","high",3.6471,0
"","IT","female","trade","low",-2.1561,-2.1561
"","IT","female","trade","low",-1.7924,-1.8049
"","IT","female","trade","low",-1.4967,-1.5302
"","IT","female","trade","low",-1.2424,-1.3038
"","IT","female","trade","low",-0.5191,-0.7255
"","IT","female","trade","low",0.0147,-0.3734
"","IT","female","trade","low",0.1053,-0.3248
"","IT","female","trade","low",0.2497,-0.2588
"","IT","female","trade","low",0.4536,-0.1847
"","IT","female","trade","low",0.6956,-0.1188
"","IT","female","trade","low",0.9055,-0.0828
"","IT","female","trade","low",1.2256,-0.0504
"","IT","female","trade","low",1.3877,-0.0409
"","IT","female","trade","low",1.4077,-0.0399
"","IT","female","trade","low",1.8624,-0.0201
"","IT","female","trade","low",2.0339,-0.0152
"","IT","female","trade","low",2.4684,-0.0095
"","IT","female","trade","low",2.6497,-0.0078
"","IT","female","trade","low",3.7821,-0.001
"","IT","female","trade","low",4.3283,0
"","IT","female","trade","medium",-2.1981,-2.1981
"","IT","female","trade","medium",-1.59,-1.6008
"","IT","female","trade","medium",-1.2063,-1.247
"","IT","female","trade","medium",-0.9138,-0.9949
"","IT","female","trade","medium",-0.6035,-0.7453
"","IT","female","trade","medium",-0.3341,-0.554
"","IT","female","trade","medium",-0.1055,-0.4164
"","IT","female","trade","medium",0.0026,-0.3622
"","IT","female","trade","medium",0.1,-0.3197
"","IT","female","trade","medium",0.2096,-0.2789
"","IT","female","trade","medium",0.3064,-0.248
"","IT","female","trade","medium",0.4761,-0.2019
"","IT","female","trade","medium",0.601,-0.1736
"","IT","female","trade","medium",0.8175,-0.1354
"","IT","female","trade","medium",1.007,-0.1073
"","IT","female","trade","medium",1.3601,-0.07
"","IT","female","trade","medium",1.7753,-0.0405
"","IT","female","trade","medium",2.0112,-0.0306
"","IT","female","trade","medium",2.5897,-0.0156
"","IT","female","trade","medium",3.2758,-0.0051
"","IT","female","trade","medium",3.2769,-0.005
"","IT","female","trade","medium",3.9048,-5e-04
"","IT","female","trade","medium",4.1286,0
"","IT","female","trade","high",-1.9468,-1.9468
"","IT","female","trade","high",-0.92,-0.9965
"","IT","female","trade","high",-0.4841,-0.6545
"","IT","female","trade","high",-0.0507,-0.3923
"","IT","female","trade","high",0.064,-0.3388
"","IT","female","trade","high",0.4372,-0.2148
"","IT","female","trade","high",0.729,-0.1511
"","IT","female","trade","high",1.2475,-0.0774
"","IT","female","trade","high",1.4597,-0.0565
"","IT","female","trade","high",1.8463,-0.0303
"","IT","female","trade","high",1.8859,-0.028
"","IT","female","trade","high",1.919,-0.0263
"","IT","female","trade","high",2.1085,-0.0217
"","IT","female","trade","high",2.7339,-0.011
"","IT","female","trade","high",4.8076,0
"","IT","male","transport","low",-2.0489,-2.0489
"","IT","male","transport","low",-1.2619,-1.3042
"","IT","male","transport","low",-0.6075,-0.7785
"","IT","male","transport","low",-0.1733,-0.4984
"","IT","male","transport","low",0.2317,-0.3081
"","IT","male","transport","low",0.622,-0.1719
"","IT","male","transport","low",0.8321,-0.1174
"","IT","male","transport","low",1.0264,-0.0795
"","IT","male","transport","low",1.2043,-0.0522
"","IT","male","transport","low",1.3119,-0.0419
"","IT","male","transport","low",1.5689,-0.0237
"","IT","male","transport","low",1.6759,-0.0186
"","IT","male","transport","low",1.9563,-0.0086
"","IT","male","transport","low",2.3989,-0.0018
"","IT","male","transport","low",2.485,-0.001
"","IT","male","transport","low",2.9035,0
"","IT","male","transport","medium",-2.1793,-2.1793
"","IT","male","transport","medium",-1.1849,-1.2174
"","IT","male","transport","medium",-0.9643,-1.0154
"","IT","male","transport","medium",-0.6587,-0.7568
"","IT","male","transport","medium",-0.3708,-0.551
"","IT","male","transport","medium",-0.0121,-0.3485
"","IT","male","transport","medium",0.1329,-0.2846
"","IT","male","transport","medium",0.2025,-0.258
"","IT","male","transport","medium",0.3558,-0.2106
"","IT","male","transport","medium",0.5051,-0.1738
"","IT","male","transport","medium",0.771,-0.127
"","IT","male","transport","medium",1.0088,-0.0969
"","IT","male","transport","medium",1.2179,-0.0786
"","IT","male","transport","medium",1.5899,-0.0604
"","IT","male","transport","medium",2.0477,-0.0482
"","IT","male","transport","medium",2.746,-0.0328
"","IT","male","transport","medium",4.5291,-0.0048
"","IT","male","transport","medium",6.0727,0
"","IT","male","transport","high",-1.3249,-1.3249
"","IT","male","transport","high",-0.3257,-0.5094
"","IT","male","transport","high",0.0904,-0.3256
"","IT","male","transport","high",0.1311,-0.3127
"","IT","male","transport","high",0.1785,-0.2994
"","IT","male","transport","high",0.5228,-0.2105
"","IT","male","transport","high",0.7017,-0.1752
"","IT","male","transport","high",0.8435,-0.1515
"","IT","male","transport","high",1.0294,-0.1214
"","IT","male","transport","high",1.545,-0.086
"","IT","male","transport","high",2.5964,-0.0281
"","IT","male","transport","high",3.2445,0
"","IT","female","transport","low",-1.8146,-1.8146
"","IT","female","transport","low",-0.4248,-0.6585
"","IT","female","transport","low",0.0624,-0.3608
"","IT","female","transport","low",0.5548,-0.1548
"","IT","female","transport","low",0.8888,-0.0889
"","IT","female","transport","low",0.8982,-0.0875
"","IT","female","transport","low",1.3396,-0.032
"","IT","female","transport","low",1.4271,-0.0247
"","IT","female","transport","low",1.5164,-0.0196
"","IT","female","transport","low",2.3503,-0.0103
"","IT","female","transport","low",4.5474,0
"","IT","female","transport","medium",-2.7044,-2.7044
"","IT","female","transport","medium",-1.3433,-1.3899
"","IT","female","transport","medium",-0.9169,-1.0066
"","IT","female","transport","medium",-0.6657,-0.8032
"","IT","female","transport","medium",-0.3968,-0.6088
"","IT","female","transport","medium",-0.2668,-0.5288
"","IT","female","transport","medium",-0.067,-0.4241
"","IT","female","transport","medium",0.1991,-0.3068
"","IT","female","transport","medium",0.5012,-0.1988
"","IT","female","transport","medium",1.0339,-0.0927
"","IT","female","transport","medium",1.4404,-0.0428
"","IT","female","transport","medium",1.5713,-0.0284
"","IT","female","transport","medium",1.8142,-0.0106
"","IT","female","transport","medium",1.9037,-0.0057
"","IT","female","transport","medium",1.9082,-0.0056
"","IT","female","transport","medium",2.0944,-3e-04
"","IT","female","transport","medium",2.1322,0
"","IT","female","transport","high",-2.3441,-2.3441
"","IT","female","transport","high",-0.4554,-0.6007
"","IT","female","transport","high",0.1766,-0.2999
"","IT","female","transport","high",0.3888,-0.2456
"","IT","female","transport","high",0.8284,-0.1642
"","IT","female","transport","high",1.7639,-0.0347
"","IT","female","transport","high",1.7811,-0.0326
"","IT","female","transport","high",2.5922,0
"","IT","male","hospitality","low",-1.6947,-1.6947
"","IT","male","hospitality","low",-1.4678,-1.4769
"","IT","male","hospitality","low",-0.9237,-1.0174
"","IT","male","hospitality","low",-0.199,-0.5205
"","IT","male","hospitality","low",0.0554,-0.3814
"","IT","male","hospitality","low",0.339,-0.2553
"","IT","male","hospitality","low",0.6459,-0.1556
"","IT","male","hospitality","low",1.0173,-0.0826
"","IT","male","hospitality","low",1.4041,-0.041
"","IT","male","hospitality","low",1.6286,-0.0272
"","IT","male","hospitality","low",2.2122,-0.0037
"","IT","male","hospitality","low",2.2431,-0.0032
"","IT","male","hospitality","low",2.3202,-0.0022
"","IT","male","hospitality","low",2.4362,-0.0012
"","IT","male","hospitality","low",2.6818,0
"","IT","male","hospitality","medium",-1.4562,-1.4562
"","IT","male","hospitality","medium",-1.0809,-1.103
"","IT","male","hospitality","medium",-0.6844,-0.7814
"","IT","male","hospitality","medium",-0.1757,-0.4502
"","IT","male","hospitality","medium",0.1825,-0.2821
"","IT","male","hospitality","medium",0.4233,-0.2119
"","IT","male","hospitality","medium",0.7033,-0.1541
"","IT","male","hospitality","medium",1.077,-0.1083
"","IT","male","hospitality","medium",1.5423,-0.0705
"","IT","male","hospitality","medium",2.2124,-0.0404
"","IT","male","hospitality","medium",3.204,-0.0144
"","IT","male","hospitality","medium",4.5343,-7e-04
"","IT","male","hospitality","medium",4.6837,0
"","IT","male","hospitality","high",-0.9294,-0.9294
"","IT","male","hospitality","high",-0.6915,-0.716
"","IT","male","hospitality","high",-0.4189,-0.523
"","IT","male","hospitality","high",-0.0343,-0.4001
"","IT","male","hospitality","high",0.7805,-0.1812
"","IT","male","hospitality","high",0.9437,-0.1467
"","IT","male","hospitality","high",1.0518,-0.1286
"","IT","male","hospitality","high",2.8322,0
"","IT","female","hospitality","low",-1.8565,-1.8565
"","IT","female","hospitality","low",-1.6146,-1.622
"","IT","female","hospitality","low",-0.9268,-1.0104
"","IT","female","hospitality","low",-0.5298,-0.708
"","IT","female","hospitality","low",-0.0014,-0.4054
"","IT","female","hospitality","low",0.2041,-0.3089
"","IT","female","hospitality","low",0.4137,-0.2275
"","IT","female","hospitality","low",0.8075,-0.1219
"","IT","female","hospitality","low",1.2871,-0.0519
"","IT","female","hospitality","low",1.7125,-0.0294
"","IT","female","hospitality","low",2.1042,-0.0166
"","IT","female","hospitality","low",2.1186,-0.0163
"","IT","female","hospitality","low",2.4317,-0.0116
"","IT","female","hospitality","low",3.1856,-0.0039
"","IT","female","hospitality","low",3.7767,0
"","IT","female","hospitality","medium",-1.6237,-1.6237
"","IT","female","hospitality","medium",-1.0455,-1.1056
"","IT","female","hospitality","medium",-0.509,-0.706
"","IT","female","hospitality","medium",0.0029,-0.3933
"","IT","female","hospitality","medium",0.3563,-0.2494
"","IT","female","hospitality","medium",0.5522,-0.1893
"","IT","female","hospitality","medium",0.9327,-0.1072
"","IT","female","hospitality","medium",1.1081,-0.0809
"","IT","female","hospitality","medium",1.2463,-0.0652
"","IT","female","hospitality","medium",1.4827,-0.0463
"","IT","female","hospitality","medium",1.7195,-0.0316
"","IT","female","hospitality","medium",2.5037,-0.007
"","IT","female","hospitality","medium",2.6289,-0.0041
"","IT","female","hospitality","medium",2.7651,-0.0021
"","IT","female","hospitality","medium",3.0175,0
"","IT","female","hospitality","high",-1.4005,-1.4005
"","IT","female","hospitality","high",-0.9726,-1.0118
"","IT","female","hospitality","high",-0.4783,-0.602
"","IT","female","hospitality","high",-0.2025,-0.409
"","IT","female","hospitality","high",0.1129,-0.3065
"","IT","female","hospitality","high",0.586,-0.2076
"","IT","female","hospitality","high",0.8972,-0.1503
"","IT","female","hospitality","high",1.2289,-0.1052
"","IT","female","hospitality","high",1.7844,-0.0617
"","IT","female","hospitality","high",3.5427,0
"","IT","male","ict","low",-1.7202,-1.7202
"","IT","male","ict","low",-0.1904,-0.5138
"","IT","male","ict","low",0.2456,-0.3028
"","IT","male","ict","low",0.6409,-0.1587
"","IT","male","ict","low",1.1483,-0.051
"","IT","male","ict","low",1.2063,-0.041
"","IT","male","ict","low",1.3467,-0.0215
"","IT","male","ict","low",1.6017,0
"","IT","male","ict","medium",-2.1816,-2.1816
"","IT","male","ict","medium",-0.9648,-1.0229
"","IT","male","ict","medium",-0.2855,-0.5081
"","IT","male","ict","medium",0.0999,-0.3088
"","IT","male","ict","medium",0.3968,-0.2054
"","IT","male","ict","medium",0.8015,-0.1239
"","IT","male","ict","medium",1.0217,-0.0992
"","IT","male","ict","medium",1.2704,-0.0822
"","IT","male","ict","medium",1.8457,-0.0523
"","IT","male","ict","medium",2.8315,-0.0241
"","IT","male","ict","medium",3.0829,-0.0178
"","IT","male","ict","medium",3.5126,-0.0081
"","IT","male","ict","medium",4.2103,-5e-04
"","IT","male","ict","medium",4.3533,0
"","IT","male","ict","high",-1.8345,-1.8345
"","IT","male","ict","high",-0.6802,-0.8018
"","IT","male","ict","high",0.087,-0.3577
"","IT","male","ict","high",0.3817,-0.25
"","IT","male","ict","high",0.8017,-0.1406
"","IT","male","ict","high",1.0063,-0.1054
"","IT","male","ict","high",1.4084,-0.0599
"","IT","male","ict","high",1.7599,-0.0335
"","IT","male","ict","high",2.2715,-0.0055
"","IT","male","ict","high",2.5129,0
"","IT","female","ict","low",-1.7453,-1.7453
"","IT","female","ict","low",-0.5757,-0.7547
"","IT","female","ict","low",0.0515,-0.4033
"","IT","female","ict","low",0.7852,-0.1287
"","IT","female","ict","low",1.0007,-0.0695
"","IT","female","ict","low",1.0383,-0.0611
"","IT","female","ict","low",1.377,-0.0208
"","IT","female","ict","low",1.6984,0
"","IT","female","ict","medium",-2.4396,-2.4396
"","IT","female","ict","medium",-0.9341,-1.0175
"","IT","female","ict","medium",-0.3583,-0.597
"","IT","female","ict","medium",0.0632,-0.3833
"","IT","female","ict","medium",0.8082,-0.1194
"","IT","female","ict","medium",1.0006,-0.0866
"","IT","female","ict","medium",1.3524,-0.0423
"","IT","female","ict","medium",1.7181,-0.0202
"","IT","female","ict","medium",2.0251,-0.0044
"","IT","female","ict","medium",2.0957,-0.0012
"","IT","female","ict","medium",2.0975,-0.0011
"","IT","female","ict","medium",2.2204,0
"","IT","female","ict","high",-1.4824,-1.4824
"","IT","female","ict","high",-0.4004,-0.5914
"","IT","female","ict","high",-0.0934,-0.4278
"","IT","female","ict","high",0.0698,-0.3581
"","IT","female","ict","high",0.2909,-0.2869
"","IT","female","ict","high",0.5477,-0.2236
"","IT","female","ict","high",0.6496,-0.2022
"","IT","female","ict","high",0.8108,-0.1704
"","IT","female","ict","high",1.0037,-0.1359
"","IT","female","ict","high",1.106,-0.1185
"","IT","female","ict","high",1.5396,-0.0603
"","IT","female","ict","high",2.1889,0
"","IT","male","finance","low",-1.4396,-1.4396
"","IT","male","finance","low",-0.8028,-0.8566
"","IT","male","finance","low",-0.2559,-0.5123
"","IT","male","finance","low",0.2574,-0.2855
"","IT","male","finance","low",0.2796,-0.2767
"","IT","male","finance","low",0.4165,-0.2337
"","IT","male","finance","low",0.6017,-0.1842
"","IT","male","finance","low",0.6073,-0.1829
"","IT","male","finance","low",1.0038,-0.1277
"","IT","male","finance","low",2.0716,-0.0347
"","IT","male","finance","low",2.6844,0
"","IT","male","finance","medium",-1.7896,-1.7896
"","IT","male","finance","medium",-0.961,-1.0004
"","IT","male","finance","medium",-0.3001,-0.5079
"","IT","male","finance","medium",0.0048,-0.3305
"","IT","male","finance","medium",0.1043,-0.2913
"","IT","male","finance","medium",0.2174,-0.255
"","IT","male","finance","medium",0.4159,-0.2029
"","IT","male","finance","medium",0.6901,-0.1504
"","IT","male","finance","medium",0.9153,-0.1244
"","IT","male","finance","medium",1.19,-0.1008
"","IT","male","finance","medium",1.5653,-0.0753
"","IT","male","finance","medium",2.0757,-0.0466
"","IT","male","finance","medium",2.214,-0.0408
"","IT","male","finance","medium",2.6121,-0.0293
"","IT","male","finance","medium",2.6461,-0.0286
"","IT","male","finance","medium",3.0827,-0.0213
"","IT","male","finance","medium",4.8192,-0.0029
"","IT","male","finance","medium",5.311,0
"","IT","male","finance","high",-1.6151,-1.6151
"","IT","male","finance","high",-0.553,-0.6083
"","IT","male","finance","high",-0.177,-0.4011
"","IT","male","finance","high",0.12,-0.3054
"","IT","male","finance","high",0.4929,-0.2219
"","IT","male","finance","high",0.6168,-0.1985
"","IT","male","finance","high",0.9849,-0.1378
"","IT","male","finance","high",1.8181,-0.0719
"","IT","male","finance","high",2.1182,-0.0581
"","IT","male","finance","high",3.9003,-0.0028
"","IT","male","finance","high",4.6827,0
"","IT","female","finance","low",-1.516,-1.516
"","IT","female","finance","low",-0.926,-0.9819
"","IT","female","finance","low",-0.3767,-0.6153
"","IT","female","finance","low",-0.2459,-0.5394
"","IT","female","finance","low",-0.0101,-0.4114
"","IT","female","finance","low",0.0401,-0.387
"","IT","female","finance","low",0.3164,-0.2927
"","IT","female","finance","low",0.5542,-0.2254
"","IT","female","finance","low",1.0061,-0.1129
"","IT","female","finance","low",1.2572,-0.0616
"","IT","female","finance","low",1.7487,0
"","IT","female","finance","medium",-2.0376,-2.0376
"","IT","female","finance","medium",-1.8573,-1.8619
"","IT","female","finance","medium",-1.3721,-1.4073
"","IT","female","finance","medium",-0.8581,-0.9524
"","IT","female","finance","medium",-0.4435,-0.6487
"","IT","female","finance","medium",0.0068,-0.3914
"","IT","female","finance","medium",0.4481,-0.2084
"","IT","female","finance","medium",0.7532,-0.1346
"","IT","female","finance","medium",1.2111,-0.0646
"","IT","female","finance","medium",1.325,-0.053
"","IT","female","finance","medium",1.5949,-0.0347
"","IT","female","finance","medium",2.202,-0.0162
"","IT","female","finance","medium",2.6129,-0.0084
"","IT","female","finance","medium",2.8184,-0.0054
"","IT","female","finance","medium",3.2428,0
"","IT","female","finance","high",-2.6538,-2.6538
"","IT","female","finance","high",-1.5129,-1.5778
"","IT","female","finance","high",-0.4381,-0.6383
"","IT","female","finance","high",0.3886,-0.2007
"","IT","female","finance","high",0.6012,-0.1491
"","IT","female","finance","high",0.8518,-0.1064
"","IT","female","finance","high",1.1537,-0.0615
"","IT","female","finance","high",1.385,-0.0343
"","IT","female","finance","high",1.4852,-0.0282
"","IT","female","finance","high",1.6397,-0.0201
"","IT","female","finance","high",1.7127,-0.0167
"","IT","female","finance","high",2.1026,-0.0017
"","IT","female","finance","high",2.586,0
"","IT","male","realestate","low",-2.294,-2.294
"","IT","male","realestate","low",-1.9557,-1.963
"","IT","male","realestate","low",-0.9724,-1.0578
"","IT","male","realestate","low",-0.3537,-0.5722
"","IT","male","realestate","low",0.0261,-0.3592
"","IT","male","realestate","low",0.44,-0.2004
"","IT","male","realestate","low",0.825,-0.1161
"","IT","male","realestate","low",1.0812,-0.0827
"","IT","male","realestate","low",1.3745,-0.0574
"","IT","male","realestate","low",1.9047,-0.0269
"","IT","male","realestate","low",2.1207,-0.0194
"","IT","male","realestate","low",2.2786,-0.0161
"","IT","male","realestate","low",3.0628,-0.0056
"","IT","male","realestate","low",3.5753,-0.0012
"","IT","male","realestate","low",4.0901,0
"","IT","male","realestate","medium",-1.0367,-1.0367
"","IT","male","realestate","medium",-0.7135,-0.7352
"","IT","male","realestate","medium",-0.498,-0.5552
"","IT","male","realestate","medium",-0.2072,-0.3565
"","IT","male","realestate","medium",0.0045,-0.2527
"","IT","male","realestate","medium",0.1382,-0.203
"","IT","male","realestate","medium",0.2529,-0.1709
"","IT","male","realestate","medium",0.5043,-0.1266
"","IT","male","realestate","medium",1.016,-0.0884
"","IT","male","realestate","medium",1.1739,-0.0819
"","IT","male","realestate","medium",1.5122,-0.0747
"","IT","male","realestate","medium",2.5191,-0.0554
"","IT","male","realestate","medium",3.6789,-0.0366
"","IT","male","realestate","medium",3.8563,-0.035
"","IT","male","realestate","medium",10.2157,0
"","IT","male","realestate","high",-1.4233,-1.4233
"","IT","male","realestate","high",-1.0861,-1.1096
"","IT","male","realestate","high",-0.4355,-0.5987
"","IT","male","realestate","high",-0.1003,-0.4
"","IT","male","realestate","high",0.0053,-0.3501
"","IT","male","realestate","high",0.116,-0.3071
"","IT","male","realestate","high",0.2592,-0.2591
"","IT","male","realestate","high",0.4759,-0.2026
"","IT","male","realestate","high",0.7406,-0.152
"","IT","male","realestate","high",1.1526,-0.1027
"","IT","male","realestate","high",1.3169,-0.0888
"","IT","male","realestate","high",1.6464,-0.0654
"","IT","male","realestate","high",1.8605,-0.0559
"","IT","male","realestate","high",3.0194,-0.0202
"","IT","male","realestate","high",3.9166,-8e-04
"","IT","male","realestate","high",4.0063,0
"","IT","female","realestate","low",-0.7622,-0.7622
"","IT","female","realestate","low",-0.3827,-0.4071
"","IT","female","realestate","low",-0.1947,-0.2727
"","IT","female","realestate","low",0.0025,-0.1916
"","IT","female","realestate","low",0.2353,-0.1518
"","IT","female","realestate","low",0.6887,-0.1292
"","IT","female","realestate","low",0.9246,-0.121
"","IT","female","realestate","low",1.1193,-0.1148
"","IT","female","realestate","low",6.4834,0
"","IT","female","realestate","medium",-2.0112,-2.0112
"","IT","female","realestate","medium",-1.507,-1.5314
"","IT","female","realestate","medium",-0.7561,-0.8655
"","IT","female","realestate","medium",-0.4075,-0.6047
"","IT","female","realestate","medium",-0.2472,-0.5011
"","IT","female","realestate","medium",0.005,-0.3731
"","IT","female","realestate","medium",0.1802,-0.3031
"","IT","female","realestate","medium",0.3195,-0.254
"","IT","female","realestate","medium",0.5061,-0.2001
"","IT","female","realestate","medium",0.7124,-0.1524
"","IT","female","realestate","medium",1.0315,-0.1002
"","IT","female","realestate","medium",1.514,-0.0506
"","IT","female","realestate","medium",1.8694,-0.032
"","IT","female","realestate","medium",2.1752,-0.0212
"","IT","female","realestate","medium",2.6595,-0.0092
"","IT","female","realestate","medium",2.8287,-0.0061
"","IT","female","realestate","medium",2.9752,-0.0035
"","IT","female","realestate","medium",2.9886,-0.0033
"","IT","female","realestate","medium",3.1296,-0.0023
"","IT","female","realestate","medium",3.4825,-4e-04
"","IT","female","realestate","medium",3.7046,0
"","IT","female","realestate","high",-1.4665,-1.4665
"","IT","female","realestate","high",-1.0825,-1.1053
"","IT","female","realestate","high",-0.5832,-0.7024
"","IT","female","realestate","high",-0.261,-0.503
"","IT","female","realestate","high",0.001,-0.3713
"","IT","female","realestate","high",0.2948,-0.2642
"","IT","female","realestate","high",0.5209,-0.1933
"","IT","female","realestate","high",0.7755,-0.1348
"","IT","female","realestate","high",0.9666,-0.1081
"","IT","female","realestate","high",1.1193,-0.091
"","IT","female","realestate","high",1.1678,-0.087
"","IT","female","realestate","high",1.5192,-0.0608
"","IT","female","realestate","high",1.6305,-0.0539
"","IT","female","realestate","high",1.7497,-0.0473
"","IT","female","realestate","high",2.3835,-0.0305
"","IT","female","realestate","high",2.4789,-0.0284
"","IT","female","realestate","high",2.7782,-0.0238
"","IT","female","realestate","high",5.0869,0
"","IT","male","profserv","low",-2.294,-2.294
"","IT","male","profserv","low",-1.9557,-1.963
"","IT","male","profserv","low",-0.9724,-1.0578
"","IT","male","profserv","low",-0.3537,-0.5722
"","IT","male","profserv","low",0.0261,-0.3592
"","IT","male","profserv","low",0.44,-0.2004
"","IT","male","profserv","low",0.825,-0.1161
"","IT","male","profserv","low",1.0812,-0.0827
"","IT","male","profserv","low",1.3745,-0.0574
"","IT","male","profserv","low",1.9047,-0.0269
"","IT","male","profserv","low",2.1207,-0.0194
"","IT","male","profserv","low",2.2786,-0.0161
"","IT","male","profserv","low",3.0628,-0.0056
"","IT","male","profserv","low",3.5753,-0.0012
"","IT","male","profserv","low",4.0901,0
"","IT","male","profserv","medium",-1.0367,-1.0367
"","IT","male","profserv","medium",-0.7135,-0.7352
"","IT","male","profserv","medium",-0.498,-0.5552
"","IT","male","profserv","medium",-0.2072,-0.3565
"","IT","male","profserv","medium",0.0045,-0.2527
"","IT","male","profserv","medium",0.1382,-0.203
"","IT","male","profserv","medium",0.2529,-0.1709
"","IT","male","profserv","medium",0.5043,-0.1266
"","IT","male","profserv","medium",1.016,-0.0884
"","IT","male","profserv","medium",1.1739,-0.0819
"","IT","male","profserv","medium",1.5122,-0.0747
"","IT","male","profserv","medium",2.5191,-0.0554
"","IT","male","profserv","medium",3.6789,-0.0366
"","IT","male","profserv","medium",3.8563,-0.035
"","IT","male","profserv","medium",10.2157,0
"","IT","male","profserv","high",-1.4233,-1.4233
"","IT","male","profserv","high",-1.0861,-1.1096
"","IT","male","profserv","high",-0.4355,-0.5987
"","IT","male","profserv","high",-0.1003,-0.4
"","IT","male","profserv","high",0.0053,-0.3501
"","IT","male","profserv","high",0.116,-0.3071
"","IT","male","profserv","high",0.2592,-0.2591
"","IT","male","profserv","high",0.4759,-0.2026
"","IT","male","profserv","high",0.7406,-0.152
"","IT","male","profserv","high",1.1526,-0.1027
"","IT","male","profserv","high",1.3169,-0.0888
"","IT","male","profserv","high",1.6464,-0.0654
"","IT","male","profserv","high",1.8605,-0.0559
"","IT","male","profserv","high",3.0194,-0.0202
"","IT","male","profserv","high",3.9166,-8e-04
"","IT","male","profserv","high",4.0063,0
"","IT","female","profserv","low",-0.7622,-0.7622
"","IT","female","profserv","low",-0.3827,-0.4071
"","IT","female","profserv","low",-0.1947,-0.2727
"","IT","female","profserv","low",0.0025,-0.1916
"","IT","female","profserv","low",0.2353,-0.1518
"","IT","female","profserv","low",0.6887,-0.1292
"","IT","female","profserv","low",0.9246,-0.121
"","IT","female","profserv","low",1.1193,-0.1148
"","IT","female","profserv","low",6.4834,0
"","IT","female","profserv","medium",-2.0112,-2.0112
"","IT","female","profserv","medium",-1.507,-1.5314
"","IT","female","profserv","medium",-0.7561,-0.8655
"","IT","female","profserv","medium",-0.4075,-0.6047
"","IT","female","profserv","medium",-0.2472,-0.5011
"","IT","female","profserv","medium",0.005,-0.3731
"","IT","female","profserv","medium",0.1802,-0.3031
"","IT","female","profserv","medium",0.3195,-0.254
"","IT","female","profserv","medium",0.5061,-0.2001
"","IT","female","profserv","medium",0.7124,-0.1524
"","IT","female","profserv","medium",1.0315,-0.1002
"","IT","female","profserv","medium",1.514,-0.0506
"","IT","female","profserv","medium",1.8694,-0.032
"","IT","female","profserv","medium",2.1752,-0.0212
"","IT","female","profserv","medium",2.6595,-0.0092
"","IT","female","profserv","medium",2.8287,-0.0061
"","IT","female","profserv","medium",2.9752,-0.0035
"","IT","female","profserv","medium",2.9886,-0.0033
"","IT","female","profserv","medium",3.1296,-0.0023
"","IT","female","profserv","medium",3.4825,-4e-04
"","IT","female","profserv","medium",3.7046,0
"","IT","female","profserv","high",-1.4665,-1.4665
"","IT","female","profserv","high",-1.0825,-1.1053
"","IT","female","profserv","high",-0.5832,-0.7024
"","IT","female","profserv","high",-0.261,-0.503
"","IT","female","profserv","high",0.001,-0.3713
"","IT","female","profserv","high",0.2948,-0.2642
"","IT","female","profserv","high",0.5209,-0.1933
"","IT","female","profserv","high",0.7755,-0.1348
"","IT","female","profserv","high",0.9666,-0.1081
"","IT","female","profserv","high",1.1193,-0.091
"","IT","female","profserv","high",1.1678,-0.087
"","IT","female","profserv","high",1.5192,-0.0608
"","IT","female","profserv","high",1.6305,-0.0539
"","IT","female","profserv","high",1.7497,-0.0473
"","IT","female","profserv","high",2.3835,-0.0305
"","IT","female","profserv","high",2.4789,-0.0284
"","IT","female","profserv","high",2.7782,-0.0238
"","IT","female","profserv","high",5.0869,0
"","IT","male","public","low",-3.2333,-3.2333
"","IT","male","public","low",-2.2961,-2.3046
"","IT","male","public","low",-1.4316,-1.4797
"","IT","male","public","low",-0.8808,-0.9935
"","IT","male","public","low",-0.1608,-0.4944
"","IT","male","public","low",0.0648,-0.3707
"","IT","male","public","low",0.2091,-0.2991
"","IT","male","public","low",0.317,-0.2507
"","IT","male","public","low",0.4357,-0.206
"","IT","male","public","low",0.5961,-0.1553
"","IT","male","public","low",0.8118,-0.0949
"","IT","male","public","low",1.0254,-0.0555
"","IT","male","public","low",1.3364,-0.026
"","IT","male","public","low",1.5022,-0.0174
"","IT","male","public","low",1.6553,-0.0114
"","IT","male","public","low",1.7999,-0.0075
"","IT","male","public","low",1.814,-0.0072
"","IT","male","public","low",1.8309,-0.007
"","IT","male","public","low",2.0702,-0.0042
"","IT","male","public","low",2.8456,0
"","IT","male","public","medium",-2.7628,-2.7628
"","IT","male","public","medium",-1.5124,-1.5452
"","IT","male","public","medium",-0.9695,-1.05
"","IT","male","public","medium",-0.5215,-0.6834
"","IT","male","public","medium",-0.2567,-0.5004
"","IT","male","public","medium",-0.0881,-0.4
"","IT","male","public","medium",0.0028,-0.3522
"","IT","male","public","medium",0.1113,-0.3009
"","IT","male","public","medium",0.2056,-0.262
"","IT","male","public","medium",0.3776,-0.2002
"","IT","male","public","medium",0.5483,-0.1563
"","IT","male","public","medium",0.7643,-0.1153
"","IT","male","public","medium",1.0023,-0.0845
"","IT","male","public","medium",1.3903,-0.054
"","IT","male","public","medium",2.0066,-0.031
"","IT","male","public","medium",2.7171,-0.0192
"","IT","male","public","medium",3.0684,-0.0157
"","IT","male","public","medium",3.5955,-0.011
"","IT","male","public","medium",4.5167,-0.0039
"","IT","male","public","medium",5.2613,-4e-04
"","IT","male","public","medium",5.4651,0
"","IT","male","public","high",-1.5113,-1.5113
"","IT","male","public","high",-0.5372,-0.5827
"","IT","male","public","high",-0.2832,-0.4059
"","IT","male","public","high",-0.0874,-0.3083
"","IT","male","public","high",0.0597,-0.2594
"","IT","male","public","high",0.3214,-0.2018
"","IT","male","public","high",0.603,-0.1595
"","IT","male","public","high",1,-0.1178
"","IT","male","public","high",1.0996,-0.1114
"","IT","male","public","high",1.6548,-0.0833
"","IT","male","public","high",2.0708,-0.07
"","IT","male","public","high",2.744,-0.0503
"","IT","male","public","high",4.1355,-0.023
"","IT","male","public","high",4.5844,-0.0195
"","IT","male","public","high",8.3374,0
"","IT","female","public","low",-1.925,-1.925
"","IT","female","public","low",-0.7997,-0.9005
"","IT","female","public","low",-0.424,-0.6007
"","IT","female","public","low",-0.0691,-0.3948
"","IT","female","public","low",0.3109,-0.2297
"","IT","female","public","low",0.4181,-0.1997
"","IT","female","public","low",1.1195,-0.1017
"","IT","female","public","low",1.3025,-0.0811
"","IT","female","public","low",1.3044,-0.0809
"","IT","female","public","low",1.3689,-0.0753
"","IT","female","public","low",1.8019,-0.0474
"","IT","female","public","low",2.255,-0.0262
"","IT","female","public","low",3.428,0
"","IT","female","public","medium",-3.1113,-3.1113
"","IT","female","public","medium",-0.9208,-1.0017
"","IT","female","public","medium",-0.6203,-0.7529
"","IT","female","public","medium",-0.2584,-0.5018
"","IT","female","public","medium",-0.066,-0.401
"","IT","female","public","medium",0.0328,-0.3572
"","IT","female","public","medium",0.1842,-0.2964
"","IT","female","public","medium",0.3069,-0.2515
"","IT","female","public","medium",0.4662,-0.2019
"","IT","female","public","medium",0.689,-0.1496
"","IT","female","public","medium",0.9933,-0.1009
"","IT","female","public","medium",1.3023,-0.0654
"","IT","female","public","medium",1.4881,-0.051
"","IT","female","public","medium",2.0162,-0.026
"","IT","female","public","medium",2.3843,-0.0154
"","IT","female","public","medium",2.7244,-0.0094
"","IT","female","public","medium",2.79,-0.0083
"","IT","female","public","medium",2.8582,-0.0076
"","IT","female","public","medium",3.8225,-4e-04
"","IT","female","public","medium",4.3468,0
"","IT","female","public","high",-1.6008,-1.6008
"","IT","female","public","high",-1.0154,-1.0309
"","IT","female","public","high",-0.5442,-0.6072
"","IT","female","public","high",-0.4007,-0.5008
"","IT","female","public","high",-0.2451,-0.4057
"","IT","female","public","high",-0.0281,-0.3042
"","IT","female","public","high",0.0258,-0.2844
"","IT","female","public","high",0.2751,-0.2167
"","IT","female","public","high",0.5696,-0.1592
"","IT","female","public","high",0.8563,-0.1282
"","IT","female","public","high",1.0737,-0.1158
"","IT","female","public","high",1.711,-0.0837
"","IT","female","public","high",2.1186,-0.0677
"","IT","female","public","high",2.4644,-0.0569
"","IT","female","public","high",3.7814,-0.028
"","IT","female","public","high",6.0557,0
"","IT","male","education","low",-1.4292,-1.4292
"","IT","male","education","low",-0.796,-0.815
"","IT","male","education","low",-0.42,-0.5166
"","IT","male","education","low",0.0067,-0.3034
"","IT","male","education","low",1.3447,-0.1104
"","IT","male","education","low",2.2888,-0.053
"","IT","male","education","low",2.3607,-0.05
"","IT","male","education","low",3.1286,-0.0327
"","IT","male","education","low",4.5551,-0.0079
"","IT","male","education","low",6.1913,0
"","IT","male","education","medium",-2.0242,-2.0242
"","IT","male","education","medium",-0.7482,-0.8021
"","IT","male","education","medium",-0.2931,-0.4932
"","IT","male","education","medium",0.0134,-0.3695
"","IT","male","education","medium",0.4444,-0.2476
"","IT","male","education","medium",0.7933,-0.1721
"","IT","male","education","medium",1.2433,-0.1074
"","IT","male","education","medium",1.4342,-0.0836
"","IT","male","education","medium",1.6182,-0.0646
"","IT","male","education","medium",1.8596,-0.0442
"","IT","male","education","medium",2.2531,-0.0223
"","IT","male","education","medium",2.4436,-0.0143
"","IT","male","education","medium",2.5953,-0.0101
"","IT","male","education","medium",2.6881,-0.0087
"","IT","male","education","medium",2.857,-0.0069
"","IT","male","education","medium",5.0921,0
"","IT","male","education","high",-1.8189,-1.8189
"","IT","male","education","high",-1.3976,-1.4093
"","IT","male","education","high",-0.9158,-0.9926
"","IT","male","education","high",-0.6182,-0.7568
"","IT","male","education","high",-0.3964,-0.6089
"","IT","male","education","high",-0.2056,-0.5016
"","IT","male","education","high",-0.022,-0.4099
"","IT","male","education","high",0.1151,-0.3489
"","IT","male","education","high",0.2382,-0.3002
"","IT","male","education","high",0.3623,-0.2559
"","IT","male","education","high",0.5411,-0.2029
"","IT","male","education","high",0.8371,-0.1366
"","IT","male","education","high",1.1233,-0.0871
"","IT","male","education","high",1.4035,-0.0536
"","IT","male","education","high",1.5746,-0.0383
"","IT","male","education","high",1.8154,-0.026
"","IT","male","education","high",2.3894,-0.0116
"","IT","male","education","high",2.5735,-0.0079
"","IT","male","education","high",2.7859,-0.0039
"","IT","male","education","high",3.0043,-0.0015
"","IT","male","education","high",3.359,0
"","IT","female","education","low",-1.463,-1.463
"","IT","female","education","low",-0.3692,-0.4858
"","IT","female","education","low",-0.2393,-0.4006
"","IT","female","education","low",0.0113,-0.2917
"","IT","female","education","low",0.1389,-0.2493
"","IT","female","education","low",0.3311,-0.2009
"","IT","female","education","low",0.6498,-0.1569
"","IT","female","education","low",1.0105,-0.1233
"","IT","female","education","low",1.2769,-0.1072
"","IT","female","education","low",1.2784,-0.1072
"","IT","female","education","low",1.4296,-0.0996
"","IT","female","education","low",2.8636,-0.0421
"","IT","female","education","low",4.3231,-0.0122
"","IT","female","education","low",5.4966,0
"","IT","female","education","medium",-2.424,-2.424
"","IT","female","education","medium",-1.798,-1.813
"","IT","female","education","medium",-1.1176,-1.181
"","IT","female","education","medium",-0.9155,-1.0088
"","IT","female","education","medium",-0.7797,-0.9018
"","IT","female","education","medium",-0.6473,-0.8032
"","IT","female","education","medium",-0.5131,-0.7081
"","IT","female","education","medium",-0.3627,-0.6096
"","IT","female","education","medium",-0.1618,-0.4896
"","IT","female","education","medium",0.0049,-0.3985
"","IT","female","education","medium",0.1015,-0.3502
"","IT","female","education","medium",0.2079,-0.3015
"","IT","female","education","medium",0.3104,-0.2593
"","IT","female","education","medium",0.4831,-0.2006
"","IT","female","education","medium",0.652,-0.153
"","IT","female","education","medium",0.8712,-0.1029
"","IT","female","education","medium",1.0649,-0.07
"","IT","female","education","medium",1.2108,-0.0506
"","IT","female","education","medium",1.366,-0.0352
"","IT","female","education","medium",1.5912,-0.0211
"","IT","female","education","medium",2.0478,-0.0103
"","IT","female","education","medium",2.9096,-0.0041
"","IT","female","education","medium",3.2126,-0.0027
"","IT","female","education","medium",3.3839,-0.002
"","IT","female","education","medium",3.9524,0
"","IT","female","education","high",-1.9883,-1.9883
"","IT","female","education","high",-1.5093,-1.5216
"","IT","female","education","high",-1.2668,-1.2942
"","IT","female","education","high",-1.0524,-1.1022
"","IT","female","education","high",-0.881,-0.9569
"","IT","female","education","high",-0.6871,-0.8055
"","IT","female","education","high",-0.3781,-0.6036
"","IT","female","education","high",-0.0044,-0.4009
"","IT","female","education","high",0.116,-0.3483
"","IT","female","education","high",0.2339,-0.3012
"","IT","female","education","high",0.3757,-0.2525
"","IT","female","education","high",0.5607,-0.2013
"","IT","female","education","high",0.818,-0.1451
"","IT","female","education","high",1.078,-0.0992
"","IT","female","education","high",1.4595,-0.0508
"","IT","female","education","high",1.6394,-0.0354
"","IT","female","education","high",1.8901,-0.0197
"","IT","female","education","high",2.0873,-0.0112
"","IT","female","education","high",2.2943,-0.0056
"","IT","female","education","high",2.4508,-0.0038
"","IT","female","education","high",2.7449,-0.0021
"","IT","female","education","high",2.8544,-0.0015
"","IT","female","education","high",3.032,-7e-04
"","IT","female","education","high",3.7741,0
"","IT","male","health","low",-1.6179,-1.6179
"","IT","male","health","low",-0.4972,-0.5933
"","IT","male","health","low",-0.0123,-0.3086
"","IT","male","health","low",0.2006,-0.2502
"","IT","male","health","low",0.7423,-0.1587
"","IT","male","health","low",1.5989,-0.0849
"","IT","male","health","low",1.785,-0.0736
"","IT","male","health","low",2.0303,-0.0619
"","IT","male","health","low",2.8892,-0.0379
"","IT","male","health","low",4.6023,-0.0027
"","IT","male","health","low",4.8241,0
"","IT","male","health","medium",-2.4109,-2.4109
"","IT","male","health","medium",-0.8944,-1.003
"","IT","male","health","medium",-0.3474,-0.5853
"","IT","male","health","medium",-0.0421,-0.4041
"","IT","male","health","medium",0.1398,-0.3157
"","IT","male","health","medium",0.386,-0.2094
"","IT","male","health","medium",0.7717,-0.1033
"","IT","male","health","medium",1.0362,-0.0697
"","IT","male","health","medium",1.2293,-0.054
"","IT","male","health","medium",1.4341,-0.0444
"","IT","male","health","medium",1.7226,-0.0323
"","IT","male","health","medium",1.7795,-0.0304
"","IT","male","health","medium",2.1613,-0.0187
"","IT","male","health","medium",2.6421,-0.0067
"","IT","male","health","medium",3.1253,0
"","IT","male","health","high",-1.7689,-1.7689
"","IT","male","health","high",-1.3918,-1.4022
"","IT","male","health","high",-0.9626,-1.0192
"","IT","male","health","high",-0.7426,-0.8494
"","IT","male","health","high",-0.6281,-0.7722
"","IT","male","health","high",-0.5179,-0.7012
"","IT","male","health","high",-0.3362,-0.5982
"","IT","male","health","high",-0.1602,-0.5038
"","IT","male","health","high",0.0244,-0.4112
"","IT","male","health","high",0.2523,-0.3074
"","IT","male","health","high",0.4077,-0.2494
"","IT","male","health","high",0.558,-0.2
"","IT","male","health","high",0.7666,-0.1451
"","IT","male","health","high",0.9896,-0.0993
"","IT","male","health","high",1.4325,-0.0474
"","IT","male","health","high",1.7486,-0.0221
"","IT","male","health","high",1.8952,-0.0142
"","IT","male","health","high",2.0431,-0.0103
"","IT","male","health","high",2.2093,-0.0066
"","IT","male","health","high",2.2259,-0.0063
"","IT","male","health","high",2.6597,-6e-04
"","IT","male","health","high",2.6805,-3e-04
"","IT","male","health","high",2.7203,-2e-04
"","IT","male","health","high",3.0511,0
"","IT","female","health","low",-1.9482,-1.9482
"","IT","female","health","low",-0.9986,-1.0233
"","IT","female","health","low",-0.3777,-0.5119
"","IT","female","health","low",-0.0217,-0.3146
"","IT","female","health","low",0.108,-0.2687
"","IT","female","health","low",0.353,-0.2092
"","IT","female","health","low",1.1622,-0.1015
"","IT","female","health","low",1.3696,-0.0894
"","IT","female","health","low",1.6357,-0.0774
"","IT","female","health","low",1.7431,-0.0732
"","IT","female","health","low",1.8745,-0.0686
"","IT","female","health","low",3.3405,-0.0295
"","IT","female","health","low",3.6491,-0.0219
"","IT","female","health","low",3.9928,-0.0156
"","IT","female","health","low",6.6371,0
"","IT","female","health","medium",-2.672,-2.672
"","IT","female","health","medium",-1.4908,-1.5318
"","IT","female","health","medium",-0.8859,-1.0041
"","IT","female","health","medium",-0.6269,-0.8046
"","IT","female","health","medium",-0.3167,-0.594
"","IT","female","health","medium",-0.175,-0.5075
"","IT","female","health","medium",0.0138,-0.4031
"","IT","female","health","medium",0.2195,-0.3003
"","IT","female","health","medium",0.4334,-0.2097
"","IT","female","health","medium",0.594,-0.149
"","IT","female","health","medium",0.7458,-0.1035
"","IT","female","health","medium",0.8793,-0.0752
"","IT","female","health","medium",1.0545,-0.052
"","IT","female","health","medium",1.2884,-0.0315
"","IT","female","health","medium",1.47,-0.0199
"","IT","female","health","medium",1.7344,-0.0109
"","IT","female","health","medium",2.016,-0.0048
"","IT","female","health","medium",2.0161,-0.0048
"","IT","female","health","medium",2.0451,-0.0045
"","IT","female","health","medium",2.2903,-0.0024
"","IT","female","health","medium",2.302,-0.0023
"","IT","female","health","medium",3.0836,-1e-04
"","IT","female","health","medium",3.1592,0
"","IT","female","health","high",-1.6527,-1.6527
"","IT","female","health","high",-0.9804,-0.9994
"","IT","female","health","high",-0.7631,-0.8048
"","IT","female","health","high",-0.5159,-0.607
"","IT","female","health","high",-0.3781,-0.5074
"","IT","female","health","high",-0.2088,-0.4022
"","IT","female","health","high",-0.1199,-0.3597
"","IT","female","health","high",0.0313,-0.3029
"","IT","female","health","high",0.2025,-0.254
"","IT","female","health","high",0.4802,-0.1905
"","IT","female","health","high",0.728,-0.153
"","IT","female","health","high",1.1691,-0.1091
"","IT","female","health","high",1.5152,-0.0808
"","IT","female","health","high",2.1092,-0.0516
"","IT","female","health","high",2.5043,-0.0382
"","IT","female","health","high",3.0253,-0.0289
"","IT","female","health","high",3.0297,-0.0288
"","IT","female","health","high",3.8875,-0.0198
"","IT","female","health","high",4.4359,-0.0162
"","IT","female","health","high",7.3815,0
"","IT","male","entertainment","low",-0.3888,-0.3888
"","IT","male","entertainment","low",-0.1703,-0.206
"","IT","male","entertainment","low",9e-04,-0.1244
"","IT","male","entertainment","low",0.1179,-0.107
"","IT","male","entertainment","low",0.342,-0.0945
"","IT","male","entertainment","low",0.3459,-0.0944
"","IT","male","entertainment","low",0.3949,-0.0933
"","IT","male","entertainment","low",0.6917,-0.0871
"","IT","male","entertainment","low",10.2635,0
"","IT","male","entertainment","medium",-1.5027,-1.5027
"","IT","male","entertainment","medium",-0.969,-1.0035
"","IT","male","entertainment","medium",-0.4338,-0.6032
"","IT","male","entertainment","medium",0.0168,-0.3769
"","IT","male","entertainment","medium",0.5257,-0.2034
"","IT","male","entertainment","medium",0.791,-0.1426
"","IT","male","entertainment","medium",1.1019,-0.0922
"","IT","male","entertainment","medium",1.2719,-0.0758
"","IT","male","entertainment","medium",1.7715,-0.055
"","IT","male","entertainment","medium",2.2598,-0.0386
"","IT","male","entertainment","medium",2.8394,-0.0207
"","IT","male","entertainment","medium",3.2492,-0.0086
"","IT","male","entertainment","medium",3.4233,-0.0052
"","IT","male","entertainment","medium",3.4834,-0.0048
"","IT","male","entertainment","medium",4.271,0
"","IT","male","entertainment","high",-1.5885,-1.5885
"","IT","male","entertainment","high",-0.9801,-1.0165
"","IT","male","entertainment","high",-0.6065,-0.7472
"","IT","male","entertainment","high",0.0279,-0.4094
"","IT","male","entertainment","high",0.2983,-0.3056
"","IT","male","entertainment","high",0.397,-0.2717
"","IT","male","entertainment","high",0.4277,-0.2623
"","IT","male","entertainment","high",0.4317,-0.2611
"","IT","male","entertainment","high",0.5756,-0.2188
"","IT","male","entertainment","high",1.0406,-0.1038
"","IT","male","entertainment","high",1.1703,-0.079
"","IT","male","entertainment","high",1.506,-0.0307
"","IT","male","entertainment","high",1.7031,-0.0166
"","IT","male","entertainment","high",2.4764,-0.002
"","IT","male","entertainment","high",2.6376,0
"","IT","female","entertainment","low",-2.0149,-2.0149
"","IT","female","entertainment","low",-0.9151,-1.0037
"","IT","female","entertainment","low",-0.214,-0.5054
"","IT","female","entertainment","low",0.0186,-0.3862
"","IT","female","entertainment","low",0.3004,-0.2708
"","IT","female","entertainment","low",0.5083,-0.2022
"","IT","female","entertainment","low",1.0334,-0.0908
"","IT","female","entertainment","low",1.2975,-0.0592
"","IT","female","entertainment","low",1.6604,-0.0302
"","IT","female","entertainment","low",1.7185,-0.0262
"","IT","female","entertainment","low",1.8163,-0.02
"","IT","female","entertainment","low",1.9273,-0.0151
"","IT","female","entertainment","low",2.0228,-0.0123
"","IT","female","entertainment","low",2.288,-0.006
"","IT","female","entertainment","low",2.3944,-0.0047
"","IT","female","entertainment","low",3.1015,0
"","IT","female","entertainment","medium",-1.701,-1.701
"","IT","female","entertainment","medium",-1.5022,-1.5045
"","IT","female","entertainment","medium",-1.2309,-1.2458
"","IT","female","entertainment","medium",-0.9626,-1.0062
"","IT","female","entertainment","medium",-0.591,-0.7076
"","IT","female","entertainment","medium",-0.1813,-0.4554
"","IT","female","entertainment","medium",0.017,-0.3648
"","IT","female","entertainment","medium",0.1895,-0.3009
"","IT","female","entertainment","medium",0.3467,-0.2515
"","IT","female","entertainment","medium",0.536,-0.2044
"","IT","female","entertainment","medium",0.813,-0.1505
"","IT","female","entertainment","medium",1.097,-0.1096
"","IT","female","entertainment","medium",1.4804,-0.0748
"","IT","female","entertainment","medium",1.8156,-0.0512
"","IT","female","entertainment","medium",2.1545,-0.0351
"","IT","female","entertainment","medium",2.7838,-0.0141
"","IT","female","entertainment","medium",3.0579,-0.0077
"","IT","female","entertainment","medium",3.2623,-0.0043
"","IT","female","entertainment","medium",3.5025,-0.001
"","IT","female","entertainment","medium",5.5219,0
"","IT","female","entertainment","high",-1.792,-1.792
"","IT","female","entertainment","high",-1.0184,-1.052
"","IT","female","entertainment","high",-0.2706,-0.5055
"","IT","female","entertainment","high",0.0167,-0.3827
"","IT","female","entertainment","high",0.5893,-0.2204
"","IT","female","entertainment","high",1.0714,-0.1277
"","IT","female","entertainment","high",1.2462,-0.0986
"","IT","female","entertainment","high",1.4201,-0.0749
"","IT","female","entertainment","high",1.434,-0.0734
"","IT","female","entertainment","high",1.5657,-0.0603
"","IT","female","entertainment","high",1.9246,-0.0272
"","IT","female","entertainment","high",1.9438,-0.0256
"","IT","female","entertainment","high",2.2787,-0.0041
"","IT","female","entertainment","high",2.3309,-0.0014
"","IT","female","entertainment","high",2.4737,0
"","IT","male","otherserv","low",-0.3888,-0.3888
"","IT","male","otherserv","low",-0.1703,-0.206
"","IT","male","otherserv","low",9e-04,-0.1244
"","IT","male","otherserv","low",0.1179,-0.107
"","IT","male","otherserv","low",0.342,-0.0945
"","IT","male","otherserv","low",0.3459,-0.0944
"","IT","male","otherserv","low",0.3949,-0.0933
"","IT","male","otherserv","low",0.6917,-0.0871
"","IT","male","otherserv","low",10.2635,0
"","IT","male","otherserv","medium",-1.5027,-1.5027
"","IT","male","otherserv","medium",-0.969,-1.0035
"","IT","male","otherserv","medium",-0.4338,-0.6032
"","IT","male","otherserv","medium",0.0168,-0.3769
"","IT","male","otherserv","medium",0.5257,-0.2034
"","IT","male","otherserv","medium",0.791,-0.1426
"","IT","male","otherserv","medium",1.1019,-0.0922
"","IT","male","otherserv","medium",1.2719,-0.0758
"","IT","male","otherserv","medium",1.7715,-0.055
"","IT","male","otherserv","medium",2.2598,-0.0386
"","IT","male","otherserv","medium",2.8394,-0.0207
"","IT","male","otherserv","medium",3.2492,-0.0086
"","IT","male","otherserv","medium",3.4233,-0.0052
"","IT","male","otherserv","medium",3.4834,-0.0048
"","IT","male","otherserv","medium",4.271,0
"","IT","male","otherserv","high",-1.5885,-1.5885
"","IT","male","otherserv","high",-0.9801,-1.0165
"","IT","male","otherserv","high",-0.6065,-0.7472
"","IT","male","otherserv","high",0.0279,-0.4094
"","IT","male","otherserv","high",0.2983,-0.3056
"","IT","male","otherserv","high",0.397,-0.2717
"","IT","male","otherserv","high",0.4277,-0.2623
"","IT","male","otherserv","high",0.4317,-0.2611
"","IT","male","otherserv","high",0.5756,-0.2188
"","IT","male","otherserv","high",1.0406,-0.1038
"","IT","male","otherserv","high",1.1703,-0.079
"","IT","male","otherserv","high",1.506,-0.0307
"","IT","male","otherserv","high",1.7031,-0.0166
"","IT","male","otherserv","high",2.4764,-0.002
"","IT","male","otherserv","high",2.6376,0
"","IT","female","otherserv","low",-2.0149,-2.0149
"","IT","female","otherserv","low",-0.9151,-1.0037
"","IT","female","otherserv","low",-0.214,-0.5054
"","IT","female","otherserv","low",0.0186,-0.3862
"","IT","female","otherserv","low",0.3004,-0.2708
"","IT","female","otherserv","low",0.5083,-0.2022
"","IT","female","otherserv","low",1.0334,-0.0908
"","IT","female","otherserv","low",1.2975,-0.0592
"","IT","female","otherserv","low",1.6604,-0.0302
"","IT","female","otherserv","low",1.7185,-0.0262
"","IT","female","otherserv","low",1.8163,-0.02
"","IT","female","otherserv","low",1.9273,-0.0151
"","IT","female","otherserv","low",2.0228,-0.0123
"","IT","female","otherserv","low",2.288,-0.006
"","IT","female","otherserv","low",2.3944,-0.0047
"","IT","female","otherserv","low",3.1015,0
"","IT","female","otherserv","medium",-1.701,-1.701
"","IT","female","otherserv","medium",-1.5022,-1.5045
"","IT","female","otherserv","medium",-1.2309,-1.2458
"","IT","female","otherserv","medium",-0.9626,-1.0062
"","IT","female","otherserv","medium",-0.591,-0.7076
"","IT","female","otherserv","medium",-0.1813,-0.4554
"","IT","female","otherserv","medium",0.017,-0.3648
"","IT","female","otherserv","medium",0.1895,-0.3009
"","IT","female","otherserv","medium",0.3467,-0.2515
"","IT","female","otherserv","medium",0.536,-0.2044
"","IT","female","otherserv","medium",0.813,-0.1505
"","IT","female","otherserv","medium",1.097,-0.1096
"","IT","female","otherserv","medium",1.4804,-0.0748
"","IT","female","otherserv","medium",1.8156,-0.0512
"","IT","female","otherserv","medium",2.1545,-0.0351
"","IT","female","otherserv","medium",2.7838,-0.0141
"","IT","female","otherserv","medium",3.0579,-0.0077
"","IT","female","otherserv","medium",3.2623,-0.0043
"","IT","female","otherserv","medium",3.5025,-0.001
"","IT","female","otherserv","medium",5.5219,0
"","IT","female","otherserv","high",-1.792,-1.792
"","IT","female","otherserv","high",-1.0184,-1.052
"","IT","female","otherserv","high",-0.2706,-0.5055
"","IT","female","otherserv","high",0.0167,-0.3827
"","IT","female","otherserv","high",0.5893,-0.2204
"","IT","female","otherserv","high",1.0714,-0.1277
"","IT","female","otherserv","high",1.2462,-0.0986
"","IT","female","otherserv","high",1.4201,-0.0749
"","IT","female","otherserv","high",1.434,-0.0734
"","IT","female","otherserv","high",1.5657,-0.0603
"","IT","female","otherserv","high",1.9246,-0.0272
"","IT","female","otherserv","high",1.9438,-0.0256
"","IT","female","otherserv","high",2.2787,-0.0041
"","IT","female","otherserv","high",2.3309,-0.0014
"","IT","female","otherserv","high",2.4737,0
