"description","gender","industry","skill","x","y"
"Dmnl~|","male","agri","low",-1.6295,0
"","male","agri","low",-1.6204,1e-04
"","male","agri","low",-1.3649,0.0093
"","male","agri","low",-1.1942,0.0202
"","male","agri","low",-1.0985,0.0303
"","male","agri","low",-1.0243,0.0403
"","male","agri","low",-0.937,0.0543
"","male","agri","low",-0.8474,0.0717
"","male","agri","low",-0.7522,0.0928
"","male","agri","low",-0.7125,0.1027
"","male","agri","low",-0.6621,0.1166
"","male","agri","low",-0.6475,0.1208
"","male","agri","low",-0.6004,0.1369
"","male","agri","low",-0.5057,0.1716
"","male","agri","low",-0.4465,0.1951
"","male","agri","low",-0.3024,0.2558
"","male","agri","low",-0.21,0.2998
"","male","agri","low",-0.0975,0.3588
"","male","agri","low",-0.0185,0.4038
"","male","agri","low",0.0083,0.4195
"","male","agri","low",0.2299,0.5551
"","male","agri","low",0.3353,0.6223
"","male","agri","low",0.5518,0.7647
"","male","agri","low",0.6971,0.8649
"","male","agri","low",0.8008,0.941
"","male","agri","low",1.0004,1.0993
"","male","agri","low",1.098,1.1815
"","male","agri","low",1.2178,1.2877
"","male","agri","low",1.4079,1.4625
"","male","agri","low",2.408,2.4144
"","male","agri","low",3.7292,3.7292
"","male","agri","medium",-1.2213,0
"","male","agri","medium",-1.0712,0.0078
"","male","agri","medium",-0.9366,0.02
"","male","agri","medium",-0.8543,0.0317
"","male","agri","medium",-0.8042,0.0407
"","male","agri","medium",-0.7585,0.0499
"","male","agri","medium",-0.6351,0.0772
"","male","agri","medium",-0.5829,0.0921
"","male","agri","medium",-0.525,0.1101
"","male","agri","medium",-0.4918,0.1208
"","male","agri","medium",-0.461,0.1314
"","male","agri","medium",-0.4397,0.1401
"","male","agri","medium",-0.3883,0.1616
"","male","agri","medium",-0.3033,0.1989
"","male","agri","medium",-0.2119,0.2447
"","male","agri","medium",-0.1825,0.26
"","male","agri","medium",-0.1107,0.2989
"","male","agri","medium",0.0264,0.3796
"","male","agri","medium",0.1245,0.4399
"","male","agri","medium",0.2266,0.5103
"","male","agri","medium",0.2815,0.5505
"","male","agri","medium",0.4487,0.6836
"","male","agri","medium",0.8241,1.0008
"","male","agri","medium",1.433,1.5325
"","male","agri","medium",2.1313,2.1735
"","male","agri","medium",3.5854,3.5854
"","male","agri","high",-1.5734,0
"","male","agri","high",-1.5186,0.0039
"","male","agri","high",-1.3535,0.0304
"","male","agri","high",-0.4384,0.2051
"","male","agri","high",-0.0497,0.3325
"","male","agri","high",0.0076,0.3623
"","male","agri","high",0.5018,0.7174
"","male","agri","high",1.4546,1.4805
"","male","agri","high",2.1497,2.1497
"","male","mining","low",-2.2864,0
"","male","mining","low",-2.2264,1e-04
"","male","mining","low",-2.1398,9e-04
"","male","mining","low",-2.0573,0.0021
"","male","mining","low",-2.0059,0.003
"","male","mining","low",-1.9203,0.0049
"","male","mining","low",-1.8235,0.008
"","male","mining","low",-1.774,0.0098
"","male","mining","low",-1.6428,0.0151
"","male","mining","low",-1.5541,0.0201
"","male","mining","low",-1.3895,0.0309
"","male","mining","low",-1.2612,0.0404
"","male","mining","low",-1.1497,0.0501
"","male","mining","low",-1.0512,0.0601
"","male","mining","low",-0.9629,0.0701
"","male","mining","low",-0.87,0.0814
"","male","mining","low",-0.8045,0.0902
"","male","mining","low",-0.7391,0.1
"","male","mining","low",-0.627,0.1208
"","male","mining","low",-0.502,0.1508
"","male","mining","low",-0.4151,0.1761
"","male","mining","low",-0.3443,0.2001
"","male","mining","low",-0.2175,0.25
"","male","mining","low",-0.11,0.299
"","male","mining","low",-0.0099,0.3506
"","male","mining","low",0.0024,0.3574
"","male","mining","low",0.074,0.3981
"","male","mining","low",0.2479,0.5057
"","male","mining","low",0.3934,0.6026
"","male","mining","low",0.5479,0.7145
"","male","mining","low",0.6575,0.7998
"","male","mining","low",0.7816,0.9009
"","male","mining","low",0.9069,1.0077
"","male","mining","low",1.0178,1.1047
"","male","mining","low",1.1272,1.2022
"","male","mining","low",1.2354,1.3011
"","male","mining","low",1.3509,1.4084
"","male","mining","low",1.53,1.5771
"","male","mining","low",1.6,1.6439
"","male","mining","low",1.7681,1.8056
"","male","mining","low",2.036,2.0658
"","male","mining","low",2.1811,2.2075
"","male","mining","low",2.571,2.5914
"","male","mining","low",3.0887,3.1048
"","male","mining","low",5.1189,5.1248
"","male","mining","low",8.7342,8.7342
"","male","mining","medium",-2.1433,0
"","male","mining","medium",-2.1046,1e-04
"","male","mining","medium",-1.9675,0.0011
"","male","mining","medium",-1.8991,0.002
"","male","mining","medium",-1.846,0.0029
"","male","mining","medium",-1.7513,0.005
"","male","mining","medium",-1.6374,0.0083
"","male","mining","medium",-1.5792,0.0103
"","male","mining","medium",-1.3528,0.0201
"","male","mining","medium",-1.1812,0.0303
"","male","mining","medium",-1.0548,0.04
"","male","mining","medium",-0.952,0.0501
"","male","mining","medium",-0.8675,0.06
"","male","mining","medium",-0.7929,0.0701
"","male","mining","medium",-0.7309,0.0806
"","male","mining","medium",-0.6828,0.09
"","male","mining","medium",-0.6363,0.1003
"","male","mining","medium",-0.5377,0.1258
"","male","mining","medium",-0.4597,0.15
"","male","mining","medium",-0.3895,0.175
"","male","mining","medium",-0.3269,0.2001
"","male","mining","medium",-0.2148,0.252
"","male","mining","medium",-0.118,0.3026
"","male","mining","medium",-0.034,0.3502
"","male","mining","medium",-0.0015,0.3695
"","male","mining","medium",1e-04,0.3705
"","male","mining","medium",0.0497,0.4007
"","male","mining","medium",0.1273,0.4496
"","male","mining","medium",0.2041,0.5
"","male","mining","medium",0.2799,0.5515
"","male","mining","medium",0.3541,0.6041
"","male","mining","medium",0.4177,0.6505
"","male","mining","medium",0.4847,0.7004
"","male","mining","medium",0.6147,0.8005
"","male","mining","medium",0.7443,0.9036
"","male","mining","medium",0.8642,1.0019
"","male","mining","medium",0.9852,1.1033
"","male","mining","medium",1.1016,1.2043
"","male","mining","medium",1.2262,1.3148
"","male","mining","medium",1.3233,1.4023
"","male","mining","medium",1.552,1.6112
"","male","mining","medium",1.7592,1.8046
"","male","mining","medium",1.9679,2.002
"","male","mining","medium",2.4925,2.5113
"","male","mining","medium",3.1562,3.1662
"","male","mining","medium",4.1774,4.1819
"","male","mining","medium",5.058,5.0601
"","male","mining","medium",5.4081,5.4097
"","male","mining","medium",6.1191,6.1197
"","male","mining","medium",6.9186,6.9186
"","male","mining","high",-1.6358,0
"","male","mining","high",-1.5623,0.0011
"","male","mining","high",-1.2252,0.0105
"","male","mining","high",-1.0002,0.0248
"","male","mining","high",-0.8832,0.0365
"","male","mining","high",-0.8326,0.0421
"","male","mining","high",-0.7787,0.0509
"","male","mining","high",-0.7336,0.0601
"","male","mining","high",-0.6288,0.0842
"","male","mining","high",-0.5452,0.1056
"","male","mining","high",-0.4879,0.1222
"","male","mining","high",-0.4307,0.1417
"","male","mining","high",-0.3803,0.161
"","male","mining","high",-0.325,0.1844
"","male","mining","high",-0.2864,0.2016
"","male","mining","high",-0.2473,0.2206
"","male","mining","high",-0.1884,0.2503
"","male","mining","high",-0.0798,0.3076
"","male","mining","high",0.0017,0.3526
"","male","mining","high",0.0893,0.4054
"","male","mining","high",0.2397,0.5043
"","male","mining","high",0.3797,0.607
"","male","mining","high",0.5082,0.7071
"","male","mining","high",0.646,0.8229
"","male","mining","high",0.8715,1.0224
"","male","mining","high",1.3437,1.4475
"","male","mining","high",1.9522,2.0092
"","male","mining","high",2.6354,2.6575
"","male","mining","high",3.1683,3.1794
"","male","mining","high",3.3444,3.3535
"","male","mining","high",5.3293,5.3293
"","male","manufacturing","low",-2.2864,0
"","male","manufacturing","low",-2.2264,1e-04
"","male","manufacturing","low",-2.1398,9e-04
"","male","manufacturing","low",-2.0573,0.0021
"","male","manufacturing","low",-2.0059,0.003
"","male","manufacturing","low",-1.9203,0.0049
"","male","manufacturing","low",-1.8235,0.008
"","male","manufacturing","low",-1.774,0.0098
"","male","manufacturing","low",-1.6428,0.0151
"","male","manufacturing","low",-1.5541,0.0201
"","male","manufacturing","low",-1.3895,0.0309
"","male","manufacturing","low",-1.2612,0.0404
"","male","manufacturing","low",-1.1497,0.0501
"","male","manufacturing","low",-1.0512,0.0601
"","male","manufacturing","low",-0.9629,0.0701
"","male","manufacturing","low",-0.87,0.0814
"","male","manufacturing","low",-0.8045,0.0902
"","male","manufacturing","low",-0.7391,0.1
"","male","manufacturing","low",-0.627,0.1208
"","male","manufacturing","low",-0.502,0.1508
"","male","manufacturing","low",-0.4151,0.1761
"","male","manufacturing","low",-0.3443,0.2001
"","male","manufacturing","low",-0.2175,0.25
"","male","manufacturing","low",-0.11,0.299
"","male","manufacturing","low",-0.0099,0.3506
"","male","manufacturing","low",0.0024,0.3574
"","male","manufacturing","low",0.074,0.3981
"","male","manufacturing","low",0.2479,0.5057
"","male","manufacturing","low",0.3934,0.6026
"","male","manufacturing","low",0.5479,0.7145
"","male","manufacturing","low",0.6575,0.7998
"","male","manufacturing","low",0.7816,0.9009
"","male","manufacturing","low",0.9069,1.0077
"","male","manufacturing","low",1.0178,1.1047
"","male","manufacturing","low",1.1272,1.2022
"","male","manufacturing","low",1.2354,1.3011
"","male","manufacturing","low",1.3509,1.4084
"","male","manufacturing","low",1.53,1.5771
"","male","manufacturing","low",1.6,1.6439
"","male","manufacturing","low",1.7681,1.8056
"","male","manufacturing","low",2.036,2.0658
"","male","manufacturing","low",2.1811,2.2075
"","male","manufacturing","low",2.571,2.5914
"","male","manufacturing","low",3.0887,3.1048
"","male","manufacturing","low",5.1189,5.1248
"","male","manufacturing","low",8.7342,8.7342
"","male","manufacturing","medium",-2.1433,0
"","male","manufacturing","medium",-2.1046,1e-04
"","male","manufacturing","medium",-1.9675,0.0011
"","male","manufacturing","medium",-1.8991,0.002
"","male","manufacturing","medium",-1.846,0.0029
"","male","manufacturing","medium",-1.7513,0.005
"","male","manufacturing","medium",-1.6374,0.0083
"","male","manufacturing","medium",-1.5792,0.0103
"","male","manufacturing","medium",-1.3528,0.0201
"","male","manufacturing","medium",-1.1812,0.0303
"","male","manufacturing","medium",-1.0548,0.04
"","male","manufacturing","medium",-0.952,0.0501
"","male","manufacturing","medium",-0.8675,0.06
"","male","manufacturing","medium",-0.7929,0.0701
"","male","manufacturing","medium",-0.7309,0.0806
"","male","manufacturing","medium",-0.6828,0.09
"","male","manufacturing","medium",-0.6363,0.1003
"","male","manufacturing","medium",-0.5377,0.1258
"","male","manufacturing","medium",-0.4597,0.15
"","male","manufacturing","medium",-0.3895,0.175
"","male","manufacturing","medium",-0.3269,0.2001
"","male","manufacturing","medium",-0.2148,0.252
"","male","manufacturing","medium",-0.118,0.3026
"","male","manufacturing","medium",-0.034,0.3502
"","male","manufacturing","medium",-0.0015,0.3695
"","male","manufacturing","medium",1e-04,0.3705
"","male","manufacturing","medium",0.0497,0.4007
"","male","manufacturing","medium",0.1273,0.4496
"","male","manufacturing","medium",0.2041,0.5
"","male","manufacturing","medium",0.2799,0.5515
"","male","manufacturing","medium",0.3541,0.6041
"","male","manufacturing","medium",0.4177,0.6505
"","male","manufacturing","medium",0.4847,0.7004
"","male","manufacturing","medium",0.6147,0.8005
"","male","manufacturing","medium",0.7443,0.9036
"","male","manufacturing","medium",0.8642,1.0019
"","male","manufacturing","medium",0.9852,1.1033
"","male","manufacturing","medium",1.1016,1.2043
"","male","manufacturing","medium",1.2262,1.3148
"","male","manufacturing","medium",1.3233,1.4023
"","male","manufacturing","medium",1.552,1.6112
"","male","manufacturing","medium",1.7592,1.8046
"","male","manufacturing","medium",1.9679,2.002
"","male","manufacturing","medium",2.4925,2.5113
"","male","manufacturing","medium",3.1562,3.1662
"","male","manufacturing","medium",4.1774,4.1819
"","male","manufacturing","medium",5.058,5.0601
"","male","manufacturing","medium",5.4081,5.4097
"","male","manufacturing","medium",6.1191,6.1197
"","male","manufacturing","medium",6.9186,6.9186
"","male","manufacturing","high",-1.6358,0
"","male","manufacturing","high",-1.5623,0.0011
"","male","manufacturing","high",-1.2252,0.0105
"","male","manufacturing","high",-1.0002,0.0248
"","male","manufacturing","high",-0.8832,0.0365
"","male","manufacturing","high",-0.8326,0.0421
"","male","manufacturing","high",-0.7787,0.0509
"","male","manufacturing","high",-0.7336,0.0601
"","male","manufacturing","high",-0.6288,0.0842
"","male","manufacturing","high",-0.5452,0.1056
"","male","manufacturing","high",-0.4879,0.1222
"","male","manufacturing","high",-0.4307,0.1417
"","male","manufacturing","high",-0.3803,0.161
"","male","manufacturing","high",-0.325,0.1844
"","male","manufacturing","high",-0.2864,0.2016
"","male","manufacturing","high",-0.2473,0.2206
"","male","manufacturing","high",-0.1884,0.2503
"","male","manufacturing","high",-0.0798,0.3076
"","male","manufacturing","high",0.0017,0.3526
"","male","manufacturing","high",0.0893,0.4054
"","male","manufacturing","high",0.2397,0.5043
"","male","manufacturing","high",0.3797,0.607
"","male","manufacturing","high",0.5082,0.7071
"","male","manufacturing","high",0.646,0.8229
"","male","manufacturing","high",0.8715,1.0224
"","male","manufacturing","high",1.3437,1.4475
"","male","manufacturing","high",1.9522,2.0092
"","male","manufacturing","high",2.6354,2.6575
"","male","manufacturing","high",3.1683,3.1794
"","male","manufacturing","high",3.3444,3.3535
"","male","manufacturing","high",5.3293,5.3293
"","male","petroleum","low",-2.2864,0
"","male","petroleum","low",-2.2264,1e-04
"","male","petroleum","low",-2.1398,9e-04
"","male","petroleum","low",-2.0573,0.0021
"","male","petroleum","low",-2.0059,0.003
"","male","petroleum","low",-1.9203,0.0049
"","male","petroleum","low",-1.8235,0.008
"","male","petroleum","low",-1.774,0.0098
"","male","petroleum","low",-1.6428,0.0151
"","male","petroleum","low",-1.5541,0.0201
"","male","petroleum","low",-1.3895,0.0309
"","male","petroleum","low",-1.2612,0.0404
"","male","petroleum","low",-1.1497,0.0501
"","male","petroleum","low",-1.0512,0.0601
"","male","petroleum","low",-0.9629,0.0701
"","male","petroleum","low",-0.87,0.0814
"","male","petroleum","low",-0.8045,0.0902
"","male","petroleum","low",-0.7391,0.1
"","male","petroleum","low",-0.627,0.1208
"","male","petroleum","low",-0.502,0.1508
"","male","petroleum","low",-0.4151,0.1761
"","male","petroleum","low",-0.3443,0.2001
"","male","petroleum","low",-0.2175,0.25
"","male","petroleum","low",-0.11,0.299
"","male","petroleum","low",-0.0099,0.3506
"","male","petroleum","low",0.0024,0.3574
"","male","petroleum","low",0.074,0.3981
"","male","petroleum","low",0.2479,0.5057
"","male","petroleum","low",0.3934,0.6026
"","male","petroleum","low",0.5479,0.7145
"","male","petroleum","low",0.6575,0.7998
"","male","petroleum","low",0.7816,0.9009
"","male","petroleum","low",0.9069,1.0077
"","male","petroleum","low",1.0178,1.1047
"","male","petroleum","low",1.1272,1.2022
"","male","petroleum","low",1.2354,1.3011
"","male","petroleum","low",1.3509,1.4084
"","male","petroleum","low",1.53,1.5771
"","male","petroleum","low",1.6,1.6439
"","male","petroleum","low",1.7681,1.8056
"","male","petroleum","low",2.036,2.0658
"","male","petroleum","low",2.1811,2.2075
"","male","petroleum","low",2.571,2.5914
"","male","petroleum","low",3.0887,3.1048
"","male","petroleum","low",5.1189,5.1248
"","male","petroleum","low",8.7342,8.7342
"","male","petroleum","medium",-2.1433,0
"","male","petroleum","medium",-2.1046,1e-04
"","male","petroleum","medium",-1.9675,0.0011
"","male","petroleum","medium",-1.8991,0.002
"","male","petroleum","medium",-1.846,0.0029
"","male","petroleum","medium",-1.7513,0.005
"","male","petroleum","medium",-1.6374,0.0083
"","male","petroleum","medium",-1.5792,0.0103
"","male","petroleum","medium",-1.3528,0.0201
"","male","petroleum","medium",-1.1812,0.0303
"","male","petroleum","medium",-1.0548,0.04
"","male","petroleum","medium",-0.952,0.0501
"","male","petroleum","medium",-0.8675,0.06
"","male","petroleum","medium",-0.7929,0.0701
"","male","petroleum","medium",-0.7309,0.0806
"","male","petroleum","medium",-0.6828,0.09
"","male","petroleum","medium",-0.6363,0.1003
"","male","petroleum","medium",-0.5377,0.1258
"","male","petroleum","medium",-0.4597,0.15
"","male","petroleum","medium",-0.3895,0.175
"","male","petroleum","medium",-0.3269,0.2001
"","male","petroleum","medium",-0.2148,0.252
"","male","petroleum","medium",-0.118,0.3026
"","male","petroleum","medium",-0.034,0.3502
"","male","petroleum","medium",-0.0015,0.3695
"","male","petroleum","medium",1e-04,0.3705
"","male","petroleum","medium",0.0497,0.4007
"","male","petroleum","medium",0.1273,0.4496
"","male","petroleum","medium",0.2041,0.5
"","male","petroleum","medium",0.2799,0.5515
"","male","petroleum","medium",0.3541,0.6041
"","male","petroleum","medium",0.4177,0.6505
"","male","petroleum","medium",0.4847,0.7004
"","male","petroleum","medium",0.6147,0.8005
"","male","petroleum","medium",0.7443,0.9036
"","male","petroleum","medium",0.8642,1.0019
"","male","petroleum","medium",0.9852,1.1033
"","male","petroleum","medium",1.1016,1.2043
"","male","petroleum","medium",1.2262,1.3148
"","male","petroleum","medium",1.3233,1.4023
"","male","petroleum","medium",1.552,1.6112
"","male","petroleum","medium",1.7592,1.8046
"","male","petroleum","medium",1.9679,2.002
"","male","petroleum","medium",2.4925,2.5113
"","male","petroleum","medium",3.1562,3.1662
"","male","petroleum","medium",4.1774,4.1819
"","male","petroleum","medium",5.058,5.0601
"","male","petroleum","medium",5.4081,5.4097
"","male","petroleum","medium",6.1191,6.1197
"","male","petroleum","medium",6.9186,6.9186
"","male","petroleum","high",-1.6358,0
"","male","petroleum","high",-1.5623,0.0011
"","male","petroleum","high",-1.2252,0.0105
"","male","petroleum","high",-1.0002,0.0248
"","male","petroleum","high",-0.8832,0.0365
"","male","petroleum","high",-0.8326,0.0421
"","male","petroleum","high",-0.7787,0.0509
"","male","petroleum","high",-0.7336,0.0601
"","male","petroleum","high",-0.6288,0.0842
"","male","petroleum","high",-0.5452,0.1056
"","male","petroleum","high",-0.4879,0.1222
"","male","petroleum","high",-0.4307,0.1417
"","male","petroleum","high",-0.3803,0.161
"","male","petroleum","high",-0.325,0.1844
"","male","petroleum","high",-0.2864,0.2016
"","male","petroleum","high",-0.2473,0.2206
"","male","petroleum","high",-0.1884,0.2503
"","male","petroleum","high",-0.0798,0.3076
"","male","petroleum","high",0.0017,0.3526
"","male","petroleum","high",0.0893,0.4054
"","male","petroleum","high",0.2397,0.5043
"","male","petroleum","high",0.3797,0.607
"","male","petroleum","high",0.5082,0.7071
"","male","petroleum","high",0.646,0.8229
"","male","petroleum","high",0.8715,1.0224
"","male","petroleum","high",1.3437,1.4475
"","male","petroleum","high",1.9522,2.0092
"","male","petroleum","high",2.6354,2.6575
"","male","petroleum","high",3.1683,3.1794
"","male","petroleum","high",3.3444,3.3535
"","male","petroleum","high",5.3293,5.3293
"","male","electricity","low",-2.2864,0
"","male","electricity","low",-2.2264,1e-04
"","male","electricity","low",-2.1398,9e-04
"","male","electricity","low",-2.0573,0.0021
"","male","electricity","low",-2.0059,0.003
"","male","electricity","low",-1.9203,0.0049
"","male","electricity","low",-1.8235,0.008
"","male","electricity","low",-1.774,0.0098
"","male","electricity","low",-1.6428,0.0151
"","male","electricity","low",-1.5541,0.0201
"","male","electricity","low",-1.3895,0.0309
"","male","electricity","low",-1.2612,0.0404
"","male","electricity","low",-1.1497,0.0501
"","male","electricity","low",-1.0512,0.0601
"","male","electricity","low",-0.9629,0.0701
"","male","electricity","low",-0.87,0.0814
"","male","electricity","low",-0.8045,0.0902
"","male","electricity","low",-0.7391,0.1
"","male","electricity","low",-0.627,0.1208
"","male","electricity","low",-0.502,0.1508
"","male","electricity","low",-0.4151,0.1761
"","male","electricity","low",-0.3443,0.2001
"","male","electricity","low",-0.2175,0.25
"","male","electricity","low",-0.11,0.299
"","male","electricity","low",-0.0099,0.3506
"","male","electricity","low",0.0024,0.3574
"","male","electricity","low",0.074,0.3981
"","male","electricity","low",0.2479,0.5057
"","male","electricity","low",0.3934,0.6026
"","male","electricity","low",0.5479,0.7145
"","male","electricity","low",0.6575,0.7998
"","male","electricity","low",0.7816,0.9009
"","male","electricity","low",0.9069,1.0077
"","male","electricity","low",1.0178,1.1047
"","male","electricity","low",1.1272,1.2022
"","male","electricity","low",1.2354,1.3011
"","male","electricity","low",1.3509,1.4084
"","male","electricity","low",1.53,1.5771
"","male","electricity","low",1.6,1.6439
"","male","electricity","low",1.7681,1.8056
"","male","electricity","low",2.036,2.0658
"","male","electricity","low",2.1811,2.2075
"","male","electricity","low",2.571,2.5914
"","male","electricity","low",3.0887,3.1048
"","male","electricity","low",5.1189,5.1248
"","male","electricity","low",8.7342,8.7342
"","male","electricity","medium",-2.1433,0
"","male","electricity","medium",-2.1046,1e-04
"","male","electricity","medium",-1.9675,0.0011
"","male","electricity","medium",-1.8991,0.002
"","male","electricity","medium",-1.846,0.0029
"","male","electricity","medium",-1.7513,0.005
"","male","electricity","medium",-1.6374,0.0083
"","male","electricity","medium",-1.5792,0.0103
"","male","electricity","medium",-1.3528,0.0201
"","male","electricity","medium",-1.1812,0.0303
"","male","electricity","medium",-1.0548,0.04
"","male","electricity","medium",-0.952,0.0501
"","male","electricity","medium",-0.8675,0.06
"","male","electricity","medium",-0.7929,0.0701
"","male","electricity","medium",-0.7309,0.0806
"","male","electricity","medium",-0.6828,0.09
"","male","electricity","medium",-0.6363,0.1003
"","male","electricity","medium",-0.5377,0.1258
"","male","electricity","medium",-0.4597,0.15
"","male","electricity","medium",-0.3895,0.175
"","male","electricity","medium",-0.3269,0.2001
"","male","electricity","medium",-0.2148,0.252
"","male","electricity","medium",-0.118,0.3026
"","male","electricity","medium",-0.034,0.3502
"","male","electricity","medium",-0.0015,0.3695
"","male","electricity","medium",1e-04,0.3705
"","male","electricity","medium",0.0497,0.4007
"","male","electricity","medium",0.1273,0.4496
"","male","electricity","medium",0.2041,0.5
"","male","electricity","medium",0.2799,0.5515
"","male","electricity","medium",0.3541,0.6041
"","male","electricity","medium",0.4177,0.6505
"","male","electricity","medium",0.4847,0.7004
"","male","electricity","medium",0.6147,0.8005
"","male","electricity","medium",0.7443,0.9036
"","male","electricity","medium",0.8642,1.0019
"","male","electricity","medium",0.9852,1.1033
"","male","electricity","medium",1.1016,1.2043
"","male","electricity","medium",1.2262,1.3148
"","male","electricity","medium",1.3233,1.4023
"","male","electricity","medium",1.552,1.6112
"","male","electricity","medium",1.7592,1.8046
"","male","electricity","medium",1.9679,2.002
"","male","electricity","medium",2.4925,2.5113
"","male","electricity","medium",3.1562,3.1662
"","male","electricity","medium",4.1774,4.1819
"","male","electricity","medium",5.058,5.0601
"","male","electricity","medium",5.4081,5.4097
"","male","electricity","medium",6.1191,6.1197
"","male","electricity","medium",6.9186,6.9186
"","male","electricity","high",-1.6358,0
"","male","electricity","high",-1.5623,0.0011
"","male","electricity","high",-1.2252,0.0105
"","male","electricity","high",-1.0002,0.0248
"","male","electricity","high",-0.8832,0.0365
"","male","electricity","high",-0.8326,0.0421
"","male","electricity","high",-0.7787,0.0509
"","male","electricity","high",-0.7336,0.0601
"","male","electricity","high",-0.6288,0.0842
"","male","electricity","high",-0.5452,0.1056
"","male","electricity","high",-0.4879,0.1222
"","male","electricity","high",-0.4307,0.1417
"","male","electricity","high",-0.3803,0.161
"","male","electricity","high",-0.325,0.1844
"","male","electricity","high",-0.2864,0.2016
"","male","electricity","high",-0.2473,0.2206
"","male","electricity","high",-0.1884,0.2503
"","male","electricity","high",-0.0798,0.3076
"","male","electricity","high",0.0017,0.3526
"","male","electricity","high",0.0893,0.4054
"","male","electricity","high",0.2397,0.5043
"","male","electricity","high",0.3797,0.607
"","male","electricity","high",0.5082,0.7071
"","male","electricity","high",0.646,0.8229
"","male","electricity","high",0.8715,1.0224
"","male","electricity","high",1.3437,1.4475
"","male","electricity","high",1.9522,2.0092
"","male","electricity","high",2.6354,2.6575
"","male","electricity","high",3.1683,3.1794
"","male","electricity","high",3.3444,3.3535
"","male","electricity","high",5.3293,5.3293
"","male","water","low",-2.2864,0
"","male","water","low",-2.2264,1e-04
"","male","water","low",-2.1398,9e-04
"","male","water","low",-2.0573,0.0021
"","male","water","low",-2.0059,0.003
"","male","water","low",-1.9203,0.0049
"","male","water","low",-1.8235,0.008
"","male","water","low",-1.774,0.0098
"","male","water","low",-1.6428,0.0151
"","male","water","low",-1.5541,0.0201
"","male","water","low",-1.3895,0.0309
"","male","water","low",-1.2612,0.0404
"","male","water","low",-1.1497,0.0501
"","male","water","low",-1.0512,0.0601
"","male","water","low",-0.9629,0.0701
"","male","water","low",-0.87,0.0814
"","male","water","low",-0.8045,0.0902
"","male","water","low",-0.7391,0.1
"","male","water","low",-0.627,0.1208
"","male","water","low",-0.502,0.1508
"","male","water","low",-0.4151,0.1761
"","male","water","low",-0.3443,0.2001
"","male","water","low",-0.2175,0.25
"","male","water","low",-0.11,0.299
"","male","water","low",-0.0099,0.3506
"","male","water","low",0.0024,0.3574
"","male","water","low",0.074,0.3981
"","male","water","low",0.2479,0.5057
"","male","water","low",0.3934,0.6026
"","male","water","low",0.5479,0.7145
"","male","water","low",0.6575,0.7998
"","male","water","low",0.7816,0.9009
"","male","water","low",0.9069,1.0077
"","male","water","low",1.0178,1.1047
"","male","water","low",1.1272,1.2022
"","male","water","low",1.2354,1.3011
"","male","water","low",1.3509,1.4084
"","male","water","low",1.53,1.5771
"","male","water","low",1.6,1.6439
"","male","water","low",1.7681,1.8056
"","male","water","low",2.036,2.0658
"","male","water","low",2.1811,2.2075
"","male","water","low",2.571,2.5914
"","male","water","low",3.0887,3.1048
"","male","water","low",5.1189,5.1248
"","male","water","low",8.7342,8.7342
"","male","water","medium",-2.1433,0
"","male","water","medium",-2.1046,1e-04
"","male","water","medium",-1.9675,0.0011
"","male","water","medium",-1.8991,0.002
"","male","water","medium",-1.846,0.0029
"","male","water","medium",-1.7513,0.005
"","male","water","medium",-1.6374,0.0083
"","male","water","medium",-1.5792,0.0103
"","male","water","medium",-1.3528,0.0201
"","male","water","medium",-1.1812,0.0303
"","male","water","medium",-1.0548,0.04
"","male","water","medium",-0.952,0.0501
"","male","water","medium",-0.8675,0.06
"","male","water","medium",-0.7929,0.0701
"","male","water","medium",-0.7309,0.0806
"","male","water","medium",-0.6828,0.09
"","male","water","medium",-0.6363,0.1003
"","male","water","medium",-0.5377,0.1258
"","male","water","medium",-0.4597,0.15
"","male","water","medium",-0.3895,0.175
"","male","water","medium",-0.3269,0.2001
"","male","water","medium",-0.2148,0.252
"","male","water","medium",-0.118,0.3026
"","male","water","medium",-0.034,0.3502
"","male","water","medium",-0.0015,0.3695
"","male","water","medium",1e-04,0.3705
"","male","water","medium",0.0497,0.4007
"","male","water","medium",0.1273,0.4496
"","male","water","medium",0.2041,0.5
"","male","water","medium",0.2799,0.5515
"","male","water","medium",0.3541,0.6041
"","male","water","medium",0.4177,0.6505
"","male","water","medium",0.4847,0.7004
"","male","water","medium",0.6147,0.8005
"","male","water","medium",0.7443,0.9036
"","male","water","medium",0.8642,1.0019
"","male","water","medium",0.9852,1.1033
"","male","water","medium",1.1016,1.2043
"","male","water","medium",1.2262,1.3148
"","male","water","medium",1.3233,1.4023
"","male","water","medium",1.552,1.6112
"","male","water","medium",1.7592,1.8046
"","male","water","medium",1.9679,2.002
"","male","water","medium",2.4925,2.5113
"","male","water","medium",3.1562,3.1662
"","male","water","medium",4.1774,4.1819
"","male","water","medium",5.058,5.0601
"","male","water","medium",5.4081,5.4097
"","male","water","medium",6.1191,6.1197
"","male","water","medium",6.9186,6.9186
"","male","water","high",-1.6358,0
"","male","water","high",-1.5623,0.0011
"","male","water","high",-1.2252,0.0105
"","male","water","high",-1.0002,0.0248
"","male","water","high",-0.8832,0.0365
"","male","water","high",-0.8326,0.0421
"","male","water","high",-0.7787,0.0509
"","male","water","high",-0.7336,0.0601
"","male","water","high",-0.6288,0.0842
"","male","water","high",-0.5452,0.1056
"","male","water","high",-0.4879,0.1222
"","male","water","high",-0.4307,0.1417
"","male","water","high",-0.3803,0.161
"","male","water","high",-0.325,0.1844
"","male","water","high",-0.2864,0.2016
"","male","water","high",-0.2473,0.2206
"","male","water","high",-0.1884,0.2503
"","male","water","high",-0.0798,0.3076
"","male","water","high",0.0017,0.3526
"","male","water","high",0.0893,0.4054
"","male","water","high",0.2397,0.5043
"","male","water","high",0.3797,0.607
"","male","water","high",0.5082,0.7071
"","male","water","high",0.646,0.8229
"","male","water","high",0.8715,1.0224
"","male","water","high",1.3437,1.4475
"","male","water","high",1.9522,2.0092
"","male","water","high",2.6354,2.6575
"","male","water","high",3.1683,3.1794
"","male","water","high",3.3444,3.3535
"","male","water","high",5.3293,5.3293
"","male","construction","low",-2.1422,0
"","male","construction","low",-2.0974,1e-04
"","male","construction","low",-2.0327,0.0011
"","male","construction","low",-1.9449,0.0038
"","male","construction","low",-1.7361,0.0124
"","male","construction","low",-1.587,0.0211
"","male","construction","low",-1.4696,0.0303
"","male","construction","low",-1.3723,0.04
"","male","construction","low",-1.2832,0.0512
"","male","construction","low",-1.1816,0.0646
"","male","construction","low",-1.0717,0.0805
"","male","construction","low",-0.976,0.096
"","male","construction","low",-0.8887,0.1115
"","male","construction","low",-0.6931,0.1516
"","male","construction","low",-0.593,0.1756
"","male","construction","low",-0.5026,0.2001
"","male","construction","low",-0.3346,0.2511
"","male","construction","low",-0.1788,0.3049
"","male","construction","low",-0.0614,0.3522
"","male","construction","low",0.0044,0.3808
"","male","construction","low",0.0473,0.4003
"","male","construction","low",0.148,0.4499
"","male","construction","low",0.2379,0.5
"","male","construction","low",0.322,0.5502
"","male","construction","low",0.405,0.603
"","male","construction","low",0.4804,0.6543
"","male","construction","low",0.5467,0.7022
"","male","construction","low",0.6731,0.8
"","male","construction","low",0.7968,0.902
"","male","construction","low",0.9173,1.0067
"","male","construction","low",1.1959,1.2593
"","male","construction","low",1.5159,1.5604
"","male","construction","low",1.9894,2.0134
"","male","construction","low",2.4579,2.469
"","male","construction","low",3.0837,3.0887
"","male","construction","low",3.7582,3.7606
"","male","construction","low",4.7945,4.7945
"","male","construction","medium",-1.6288,0
"","male","construction","medium",-1.5566,0.0013
"","male","construction","medium",-1.4741,0.0042
"","male","construction","medium",-1.367,0.0098
"","male","construction","medium",-1.1915,0.0239
"","male","construction","medium",-1.1131,0.0311
"","male","construction","medium",-1.0025,0.0433
"","male","construction","medium",-0.939,0.0514
"","male","construction","medium",-0.7871,0.0766
"","male","construction","medium",-0.669,0.1
"","male","construction","medium",-0.5657,0.1251
"","male","construction","medium",-0.478,0.1502
"","male","construction","medium",-0.3258,0.203
"","male","construction","medium",-0.2105,0.2539
"","male","construction","medium",-0.1169,0.3001
"","male","construction","medium",-0.0112,0.3575
"","male","construction","medium",0.0197,0.3752
"","male","construction","medium",0.064,0.4014
"","male","construction","medium",0.227,0.5066
"","male","construction","medium",0.36,0.6
"","male","construction","medium",0.5184,0.7199
"","male","construction","medium",0.6966,0.8619
"","male","construction","medium",0.8609,0.9997
"","male","construction","medium",1.2583,1.3501
"","male","construction","medium",1.5554,1.6231
"","male","construction","medium",2.0835,2.1228
"","male","construction","medium",2.6065,2.6255
"","male","construction","medium",3.4943,3.4997
"","male","construction","medium",3.932,3.9359
"","male","construction","medium",4.9633,4.9646
"","male","construction","medium",5.9448,5.9448
"","male","construction","high",-1.2095,0
"","male","construction","high",-1.0576,0.0119
"","male","construction","high",-0.9151,0.0329
"","male","construction","high",-0.7859,0.0584
"","male","construction","high",-0.7251,0.0721
"","male","construction","high",-0.695,0.0808
"","male","construction","high",-0.5543,0.131
"","male","construction","high",-0.3376,0.2138
"","male","construction","high",-0.1128,0.3174
"","male","construction","high",0.0628,0.4187
"","male","construction","high",0.4912,0.7282
"","male","construction","high",0.8671,1.0181
"","male","construction","high",1.2356,1.324
"","male","construction","high",1.4914,1.5498
"","male","construction","high",2.0943,2.1179
"","male","construction","high",4.2559,4.2559
"","male","trade","low",-2.0338,0
"","male","trade","low",-2.0159,1e-04
"","male","trade","low",-1.9099,0.0024
"","male","trade","low",-1.8252,0.0056
"","male","trade","low",-1.8056,0.0065
"","male","trade","low",-1.7221,0.0111
"","male","trade","low",-1.5811,0.0208
"","male","trade","low",-1.4677,0.0312
"","male","trade","low",-1.3537,0.0438
"","male","trade","low",-1.1669,0.0672
"","male","trade","low",-1.0406,0.0851
"","male","trade","low",-0.8978,0.1082
"","male","trade","low",-0.8252,0.1204
"","male","trade","low",-0.6471,0.1576
"","male","trade","low",-0.5569,0.1787
"","male","trade","low",-0.4763,0.2002
"","male","trade","low",-0.3206,0.25
"","male","trade","low",-0.1685,0.3073
"","male","trade","low",-0.0711,0.3501
"","male","trade","low",-0.006,0.3815
"","male","trade","low",0.0466,0.4076
"","male","trade","low",0.1482,0.4614
"","male","trade","low",0.2273,0.5064
"","male","trade","low",0.3834,0.603
"","male","trade","low",0.5338,0.7088
"","male","trade","low",0.7005,0.8365
"","male","trade","low",0.9235,1.0204
"","male","trade","low",1.469,1.5138
"","male","trade","low",2.0159,2.0336
"","male","trade","low",2.6942,2.6999
"","male","trade","low",3.4847,3.4847
"","male","trade","medium",-1.7099,0
"","male","trade","medium",-1.6923,1e-04
"","male","trade","medium",-1.5975,0.0015
"","male","trade","medium",-1.519,0.0031
"","male","trade","medium",-1.4483,0.0051
"","male","trade","medium",-1.4043,0.007
"","male","trade","medium",-1.3438,0.01
"","male","trade","medium",-1.184,0.0212
"","male","trade","medium",-1.084,0.0308
"","male","trade","medium",-0.9032,0.0505
"","male","trade","medium",-0.7276,0.0744
"","male","trade","medium",-0.5887,0.1002
"","male","trade","medium",-0.3884,0.1538
"","male","trade","medium",-0.2584,0.2029
"","male","trade","medium",-0.1575,0.2503
"","male","trade","medium",-0.0632,0.3
"","male","trade","medium",0.0012,0.3373
"","male","trade","medium",0.1015,0.4024
"","male","trade","medium",0.2378,0.5005
"","male","trade","medium",0.4955,0.7
"","male","trade","medium",0.6646,0.84
"","male","trade","medium",0.8629,1.0086
"","male","trade","medium",1.1967,1.3041
"","male","trade","medium",1.5432,1.6231
"","male","trade","medium",2.0048,2.0583
"","male","trade","medium",4.0783,4.0818
"","male","trade","medium",5.7348,5.7348
"","male","trade","high",-1.7565,0
"","male","trade","high",-1.5076,0.0113
"","male","trade","high",-1.2773,0.0339
"","male","trade","high",-1.1984,0.0446
"","male","trade","high",-0.9699,0.0798
"","male","trade","high",-0.8274,0.1045
"","male","trade","high",-0.5904,0.153
"","male","trade","high",-0.4145,0.2035
"","male","trade","high",-0.3223,0.2363
"","male","trade","high",-0.1526,0.3027
"","male","trade","high",0.0702,0.4075
"","male","trade","high",0.251,0.517
"","male","trade","high",0.4032,0.6204
"","male","trade","high",0.6391,0.7995
"","male","trade","high",0.8986,1.0102
"","male","trade","high",1.981,2.0108
"","male","trade","high",3.6471,3.6471
"","male","transport","low",-2.0489,0
"","male","transport","low",-1.9253,0.001
"","male","transport","low",-1.7648,0.0038
"","male","transport","low",-1.5573,0.0111
"","male","transport","low",-1.4352,0.0207
"","male","transport","low",-1.352,0.0302
"","male","transport","low",-1.2775,0.0401
"","male","transport","low",-1.1838,0.0532
"","male","transport","low",-1.1229,0.0623
"","male","transport","low",-0.9472,0.0928
"","male","transport","low",-0.8207,0.118
"","male","transport","low",-0.6593,0.1569
"","male","transport","low",-0.4963,0.2048
"","male","transport","low",-0.3595,0.2511
"","male","transport","low",-0.2282,0.3022
"","male","transport","low",-0.1155,0.3514
"","male","transport","low",-0.04,0.3884
"","male","transport","low",0.0689,0.4465
"","male","transport","low",0.3461,0.6088
"","male","transport","low",0.5775,0.7624
"","male","transport","low",0.8991,1.0022
"","male","transport","low",1.4731,1.5026
"","male","transport","low",2.0829,2.0892
"","male","transport","low",2.9035,2.9035
"","male","transport","medium",-2.1793,0
"","male","transport","medium",-2.0125,4e-04
"","male","transport","medium",-1.9043,0.0019
"","male","transport","medium",-1.8479,0.003
"","male","transport","medium",-1.5935,0.0102
"","male","transport","medium",-1.3739,0.0205
"","male","transport","medium",-1.1849,0.0325
"","male","transport","medium",-1.0794,0.04
"","male","transport","medium",-0.9643,0.0511
"","male","transport","medium",-0.8839,0.0607
"","male","transport","medium",-0.7851,0.0747
"","male","transport","medium",-0.6922,0.0911
"","male","transport","medium",-0.6446,0.1015
"","male","transport","medium",-0.4595,0.1516
"","male","transport","medium",-0.312,0.2009
"","male","transport","medium",-0.0711,0.3061
"","male","transport","medium",-0.0019,0.3419
"","male","transport","medium",0.1093,0.4039
"","male","transport","medium",0.4185,0.6129
"","male","transport","medium",0.6685,0.8113
"","male","transport","medium",0.9054,1.0138
"","male","transport","medium",1.4407,1.5077
"","male","transport","medium",2.0477,2.0959
"","male","transport","medium",6.0727,6.0727
"","male","transport","high",-1.3249,0
"","male","transport","high",-1.17,0.005
"","male","transport","high",-0.9004,0.0303
"","male","transport","high",-0.7331,0.0611
"","male","transport","high",-0.4794,0.134
"","male","transport","high",-0.3689,0.1686
"","male","transport","high",-0.2782,0.203
"","male","transport","high",-0.1865,0.2498
"","male","transport","high",-0.1316,0.2806
"","male","transport","high",-0.0148,0.349
"","male","transport","high",0.0904,0.416
"","male","transport","high",0.1785,0.478
"","male","transport","high",1.0294,1.1508
"","male","transport","high",3.2445,3.2445
"","male","hospitality","low",-1.6947,0
"","male","hospitality","low",-1.6178,0.0011
"","male","hospitality","low",-1.5921,0.0022
"","male","hospitality","low",-1.4352,0.0117
"","male","hospitality","low",-1.3002,0.0286
"","male","hospitality","low",-1.1399,0.0529
"","male","hospitality","low",-1.0458,0.0699
"","male","hospitality","low",-0.9367,0.0909
"","male","hospitality","low",-0.885,0.1029
"","male","hospitality","low",-0.7415,0.1423
"","male","hospitality","low",-0.6052,0.1816
"","male","hospitality","low",-0.4977,0.2154
"","male","hospitality","low",-0.3759,0.2556
"","male","hospitality","low",-0.2539,0.3003
"","male","hospitality","low",-0.1105,0.3571
"","male","hospitality","low",-0.0119,0.4032
"","male","hospitality","low",0.1724,0.4994
"","male","hospitality","low",0.3626,0.6086
"","male","hospitality","low",0.5429,0.7279
"","male","hospitality","low",0.6475,0.8027
"","male","hospitality","low",0.9061,1.0065
"","male","hospitality","low",1.3022,1.3518
"","male","hospitality","low",1.5234,1.5561
"","male","hospitality","low",2.6818,2.6818
"","male","hospitality","medium",-1.4562,0
"","male","hospitality","medium",-1.3875,0.0014
"","male","hospitality","medium",-1.3417,0.0029
"","male","hospitality","medium",-1.2887,0.0054
"","male","hospitality","medium",-1.1642,0.0147
"","male","hospitality","medium",-1.0839,0.0218
"","male","hospitality","medium",-1.0089,0.0313
"","male","hospitality","medium",-0.9349,0.0421
"","male","hospitality","medium",-0.8716,0.0538
"","male","hospitality","medium",-0.7855,0.0723
"","male","hospitality","medium",-0.6603,0.1031
"","male","hospitality","medium",-0.5845,0.1239
"","male","hospitality","medium",-0.4868,0.1525
"","male","hospitality","medium",-0.4101,0.1772
"","male","hospitality","medium",-0.3323,0.2067
"","male","hospitality","medium",-0.2247,0.2526
"","male","hospitality","medium",-0.1117,0.3043
"","male","hospitality","medium",-0.0424,0.3387
"","male","hospitality","medium",0.0602,0.3934
"","male","hospitality","medium",0.1589,0.4502
"","male","hospitality","medium",0.2374,0.4998
"","male","hospitality","medium",0.3806,0.6029
"","male","hospitality","medium",0.638,0.8026
"","male","hospitality","medium",0.8701,1.0012
"","male","hospitality","medium",2.2124,2.2528
"","male","hospitality","medium",4.6837,4.6837
"","male","hospitality","high",-0.9294,0
"","male","hospitality","high",-0.8809,0.0024
"","male","hospitality","high",-0.6915,0.0245
"","male","hospitality","high",-0.5748,0.0417
"","male","hospitality","high",-0.4586,0.0833
"","male","hospitality","high",-0.4189,0.1041
"","male","hospitality","high",-0.0343,0.3658
"","male","hospitality","high",0.7805,0.9617
"","male","hospitality","high",1.0518,1.1804
"","male","hospitality","high",2.8322,2.8322
"","male","ict","low",-1.7202,0
"","male","ict","low",-1.543,0.0159
"","male","ict","low",-1.4469,0.0264
"","male","ict","low",-1.0398,0.0903
"","male","ict","low",-0.5727,0.1886
"","male","ict","low",-0.1904,0.3234
"","male","ict","low",-0.1557,0.3379
"","male","ict","low",-0.112,0.3583
"","male","ict","low",0.2456,0.5484
"","male","ict","low",0.6409,0.7996
"","male","ict","low",1.6017,1.6017
"","male","ict","medium",-2.1816,0
"","male","ict","medium",-1.9077,0.0024
"","male","ict","medium",-1.659,0.0099
"","male","ict","medium",-1.3908,0.0232
"","male","ict","medium",-1.2369,0.0335
"","male","ict","medium",-1.1066,0.0434
"","male","ict","medium",-0.9981,0.0539
"","male","ict","medium",-0.8972,0.0677
"","male","ict","medium",-0.8008,0.0828
"","male","ict","medium",-0.7526,0.0909
"","male","ict","medium",-0.7071,0.1004
"","male","ict","medium",-0.6191,0.1225
"","male","ict","medium",-0.4843,0.1596
"","male","ict","medium",-0.3324,0.2051
"","male","ict","medium",-0.1997,0.2583
"","male","ict","medium",-0.0535,0.3259
"","male","ict","medium",0.1506,0.4385
"","male","ict","medium",0.4648,0.6516
"","male","ict","medium",0.758,0.8878
"","male","ict","medium",1.2704,1.3526
"","male","ict","medium",4.3533,4.3533
"","male","ict","high",-1.8345,0
"","male","ict","high",-1.4963,0.0127
"","male","ict","high",-1.1291,0.0407
"","male","ict","high",-0.9439,0.0609
"","male","ict","high",-0.8075,0.0854
"","male","ict","high",-0.6748,0.1233
"","male","ict","high",-0.5428,0.168
"","male","ict","high",-0.4412,0.2031
"","male","ict","high",-0.1893,0.3048
"","male","ict","high",0.0331,0.4146
"","male","ict","high",0.2705,0.5566
"","male","ict","high",0.5402,0.7454
"","male","ict","high",0.8873,1.0101
"","male","ict","high",2.5129,2.5129
"","male","finance","low",-1.4396,0
"","male","finance","low",-1.2891,0.0033
"","male","finance","low",-1.1319,0.0125
"","male","finance","low",-1.0012,0.0213
"","male","finance","low",-0.9464,0.0277
"","male","finance","low",-0.842,0.0444
"","male","finance","low",-0.8028,0.0538
"","male","finance","low",-0.6101,0.1131
"","male","finance","low",-0.4565,0.1696
"","male","finance","low",-0.2559,0.2564
"","male","finance","low",-0.2088,0.2785
"","male","finance","low",0.0138,0.3971
"","male","finance","low",0.2574,0.5429
"","male","finance","low",0.4165,0.6502
"","male","finance","low",1.0038,1.1315
"","male","finance","low",2.6844,2.6844
"","male","finance","medium",-1.7896,0
"","male","finance","medium",-1.5257,0.0029
"","male","finance","medium",-1.2682,0.0106
"","male","finance","medium",-1.1195,0.0209
"","male","finance","medium",-1.031,0.0295
"","male","finance","medium",-0.9336,0.044
"","male","finance","medium",-0.8662,0.0563
"","male","finance","medium",-0.8208,0.0659
"","male","finance","medium",-0.7165,0.09
"","male","finance","medium",-0.5407,0.135
"","male","finance","medium",-0.3001,0.2078
"","male","finance","medium",-0.0611,0.3015
"","male","finance","medium",0.1178,0.4044
"","male","finance","medium",0.3237,0.5494
"","male","finance","medium",0.5536,0.7273
"","male","finance","medium",0.7819,0.9207
"","male","finance","medium",2.0757,2.1223
"","male","finance","medium",5.311,5.311
"","male","finance","high",-1.6151,0
"","male","finance","high",-1.4286,0.001
"","male","finance","high",-1.1066,0.0083
"","male","finance","high",-0.8864,0.0177
"","male","finance","high",-0.714,0.0296
"","male","finance","high",-0.6121,0.0428
"","male","finance","high",-0.5685,0.0512
"","male","finance","high",-0.5347,0.0609
"","male","finance","high",-0.4636,0.0847
"","male","finance","high",-0.3864,0.1157
"","male","finance","high",-0.253,0.1822
"","male","finance","high",-0.177,0.2241
"","male","finance","high",-0.0134,0.3278
"","male","finance","high",0.937,1.0819
"","male","finance","high",4.6827,4.6827
"","male","realestate","low",-2.294,0
"","male","realestate","low",-2.209,0.001
"","male","realestate","low",-2.0982,0.0036
"","male","realestate","low",-1.9557,0.0073
"","male","realestate","low",-1.7679,0.018
"","male","realestate","low",-1.5613,0.0315
"","male","realestate","low",-1.47,0.0378
"","male","realestate","low",-1.4482,0.0394
"","male","realestate","low",-1.2771,0.0539
"","male","realestate","low",-1.2063,0.0605
"","male","realestate","low",-1.1334,0.0682
"","male","realestate","low",-0.9724,0.0854
"","male","realestate","low",-0.9176,0.0918
"","male","realestate","low",-0.8089,0.1077
"","male","realestate","low",-0.7551,0.1169
"","male","realestate","low",-0.7021,0.1274
"","male","realestate","low",-0.5867,0.1539
"","male","realestate","low",-0.4097,0.2014
"","male","realestate","low",-0.2481,0.2561
"","male","realestate","low",-0.1401,0.3018
"","male","realestate","low",-0.0334,0.3539
"","male","realestate","low",0.0664,0.4073
"","male","realestate","low",0.1451,0.4535
"","male","realestate","low",0.2345,0.5071
"","male","realestate","low",0.3845,0.6014
"","male","realestate","low",0.5793,0.745
"","male","realestate","low",0.7927,0.9149
"","male","realestate","low",0.9277,1.0283
"","male","realestate","low",1.2525,1.3193
"","male","realestate","low",1.6615,1.7002
"","male","realestate","low",2.2786,2.2947
"","male","realestate","low",4.0901,4.0901
"","male","realestate","medium",-1.0367,0
"","male","realestate","medium",-1.001,6e-04
"","male","realestate","medium",-0.9409,0.0036
"","male","realestate","medium",-0.9003,0.0059
"","male","realestate","medium",-0.8051,0.0132
"","male","realestate","medium",-0.7032,0.0228
"","male","realestate","medium",-0.6449,0.03
"","male","realestate","medium",-0.5703,0.0417
"","male","realestate","medium",-0.5174,0.0528
"","male","realestate","medium",-0.4167,0.0772
"","male","realestate","medium",-0.3337,0.1011
"","male","realestate","medium",-0.206,0.1498
"","male","realestate","medium",-0.0978,0.2015
"","male","realestate","medium",-0.0193,0.2436
"","male","realestate","medium",0.079,0.3025
"","male","realestate","medium",0.2237,0.4019
"","male","realestate","medium",0.472,0.6024
"","male","realestate","medium",0.7515,0.8544
"","male","realestate","medium",1.5122,1.5869
"","male","realestate","medium",3.8563,3.8913
"","male","realestate","medium",10.2157,10.2157
"","male","realestate","high",-1.4233,0
"","male","realestate","high",-1.3847,5e-04
"","male","realestate","high",-1.3666,0.001
"","male","realestate","high",-1.287,0.0052
"","male","realestate","high",-1.223,0.0098
"","male","realestate","high",-1.0861,0.0235
"","male","realestate","high",-1.0233,0.0314
"","male","realestate","high",-0.8958,0.0508
"","male","realestate","high",-0.7377,0.0811
"","male","realestate","high",-0.6393,0.103
"","male","realestate","high",-0.5435,0.1285
"","male","realestate","high",-0.463,0.1537
"","male","realestate","high",-0.3197,0.2051
"","male","realestate","high",-0.1873,0.2598
"","male","realestate","high",-0.0996,0.3001
"","male","realestate","high",0.0053,0.3554
"","male","realestate","high",0.2496,0.5117
"","male","realestate","high",0.5524,0.7391
"","male","realestate","high",1.0413,1.1566
"","male","realestate","high",4.0063,4.0063
"","male","profserv","low",-2.294,0
"","male","profserv","low",-2.209,0.001
"","male","profserv","low",-2.0982,0.0036
"","male","profserv","low",-1.9557,0.0073
"","male","profserv","low",-1.7679,0.018
"","male","profserv","low",-1.5613,0.0315
"","male","profserv","low",-1.47,0.0378
"","male","profserv","low",-1.4482,0.0394
"","male","profserv","low",-1.2771,0.0539
"","male","profserv","low",-1.2063,0.0605
"","male","profserv","low",-1.1334,0.0682
"","male","profserv","low",-0.9724,0.0854
"","male","profserv","low",-0.9176,0.0918
"","male","profserv","low",-0.8089,0.1077
"","male","profserv","low",-0.7551,0.1169
"","male","profserv","low",-0.7021,0.1274
"","male","profserv","low",-0.5867,0.1539
"","male","profserv","low",-0.4097,0.2014
"","male","profserv","low",-0.2481,0.2561
"","male","profserv","low",-0.1401,0.3018
"","male","profserv","low",-0.0334,0.3539
"","male","profserv","low",0.0664,0.4073
"","male","profserv","low",0.1451,0.4535
"","male","profserv","low",0.2345,0.5071
"","male","profserv","low",0.3845,0.6014
"","male","profserv","low",0.5793,0.745
"","male","profserv","low",0.7927,0.9149
"","male","profserv","low",0.9277,1.0283
"","male","profserv","low",1.2525,1.3193
"","male","profserv","low",1.6615,1.7002
"","male","profserv","low",2.2786,2.2947
"","male","profserv","low",4.0901,4.0901
"","male","profserv","medium",-1.0367,0
"","male","profserv","medium",-1.001,6e-04
"","male","profserv","medium",-0.9409,0.0036
"","male","profserv","medium",-0.9003,0.0059
"","male","profserv","medium",-0.8051,0.0132
"","male","profserv","medium",-0.7032,0.0228
"","male","profserv","medium",-0.6449,0.03
"","male","profserv","medium",-0.5703,0.0417
"","male","profserv","medium",-0.5174,0.0528
"","male","profserv","medium",-0.4167,0.0772
"","male","profserv","medium",-0.3337,0.1011
"","male","profserv","medium",-0.206,0.1498
"","male","profserv","medium",-0.0978,0.2015
"","male","profserv","medium",-0.0193,0.2436
"","male","profserv","medium",0.079,0.3025
"","male","profserv","medium",0.2237,0.4019
"","male","profserv","medium",0.472,0.6024
"","male","profserv","medium",0.7515,0.8544
"","male","profserv","medium",1.5122,1.5869
"","male","profserv","medium",3.8563,3.8913
"","male","profserv","medium",10.2157,10.2157
"","male","profserv","high",-1.4233,0
"","male","profserv","high",-1.3847,5e-04
"","male","profserv","high",-1.3666,0.001
"","male","profserv","high",-1.287,0.0052
"","male","profserv","high",-1.223,0.0098
"","male","profserv","high",-1.0861,0.0235
"","male","profserv","high",-1.0233,0.0314
"","male","profserv","high",-0.8958,0.0508
"","male","profserv","high",-0.7377,0.0811
"","male","profserv","high",-0.6393,0.103
"","male","profserv","high",-0.5435,0.1285
"","male","profserv","high",-0.463,0.1537
"","male","profserv","high",-0.3197,0.2051
"","male","profserv","high",-0.1873,0.2598
"","male","profserv","high",-0.0996,0.3001
"","male","profserv","high",0.0053,0.3554
"","male","profserv","high",0.2496,0.5117
"","male","profserv","high",0.5524,0.7391
"","male","profserv","high",1.0413,1.1566
"","male","profserv","high",4.0063,4.0063
"","male","public","low",-3.2333,0
"","male","public","low",-2.9654,0.001
"","male","public","low",-2.4849,0.0051
"","male","public","low",-2.1352,0.0138
"","male","public","low",-1.9426,0.0207
"","male","public","low",-1.7609,0.0285
"","male","public","low",-1.558,0.0397
"","male","public","low",-1.385,0.0516
"","male","public","low",-1.2398,0.0638
"","male","public","low",-1.1826,0.0698
"","male","public","low",-1.099,0.0798
"","male","public","low",-0.9912,0.0943
"","male","public","low",-0.9379,0.1024
"","male","public","low",-0.8808,0.1127
"","male","public","low",-0.7807,0.1328
"","male","public","low",-0.6857,0.1552
"","male","public","low",-0.6256,0.1712
"","male","public","low",-0.5026,0.2083
"","male","public","low",-0.3854,0.2474
"","male","public","low",-0.2365,0.3032
"","male","public","low",-0.0045,0.4028
"","male","public","low",0.1068,0.4559
"","male","public","low",0.2091,0.5082
"","male","public","low",0.3716,0.6006
"","male","public","low",0.5961,0.7514
"","male","public","low",0.8118,0.9067
"","male","public","low",0.9891,1.0495
"","male","public","low",1.4069,1.4286
"","male","public","low",1.8309,1.8379
"","male","public","low",2.8456,2.8456
"","male","public","medium",-2.7628,0
"","male","public","medium",-2.5001,0.0015
"","male","public","medium",-2.2811,0.005
"","male","public","medium",-2.049,0.0114
"","male","public","medium",-1.8465,0.0178
"","male","public","medium",-1.5544,0.0303
"","male","public","medium",-1.3923,0.0405
"","male","public","medium",-1.1477,0.0613
"","male","public","medium",-0.9695,0.0805
"","male","public","medium",-0.8042,0.1024
"","male","public","medium",-0.5577,0.1524
"","male","public","medium",-0.3742,0.2044
"","male","public","medium",-0.2381,0.2505
"","male","public","medium",-0.1153,0.3
"","male","public","medium",-7e-04,0.3532
"","male","public","medium",0.0891,0.3999
"","male","public","medium",0.26,0.501
"","male","public","medium",0.54,0.698
"","male","public","medium",0.9144,1.0091
"","male","public","medium",1.978,2.0098
"","male","public","medium",5.4651,5.4651
"","male","public","high",-1.5113,0
"","male","public","high",-1.0997,0.0025
"","male","public","high",-0.779,0.0139
"","male","public","high",-0.6452,0.0256
"","male","public","high",-0.5372,0.0455
"","male","public","high",-0.4742,0.0604
"","male","public","high",-0.399,0.0829
"","male","public","high",-0.3196,0.1091
"","male","public","high",-0.2069,0.1557
"","male","public","high",-0.122,0.2002
"","male","public","high",-0.0083,0.2714
"","male","public","high",0.1198,0.3631
"","male","public","high",1,1.1178
"","male","public","high",2.744,2.7943
"","male","public","high",8.3374,8.3374
"","male","education","low",-1.4292,0
"","male","education","low",-1.0133,0.0065
"","male","education","low",-0.8611,0.012
"","male","education","low",-0.7362,0.0282
"","male","education","low",-0.6589,0.0418
"","male","education","low",-0.5465,0.0634
"","male","education","low",-0.5158,0.0705
"","male","education","low",-0.4276,0.0944
"","male","education","low",-0.394,0.1049
"","male","education","low",-0.3183,0.1308
"","male","education","low",-0.249,0.1609
"","male","education","low",-0.1598,0.2065
"","male","education","low",-0.1015,0.241
"","male","education","low",0.0067,0.3101
"","male","education","low",0.1455,0.4086
"","male","education","low",0.2935,0.5256
"","male","education","low",0.9313,1.0813
"","male","education","low",2.2888,2.3418
"","male","education","low",6.1913,6.1913
"","male","education","medium",-2.0242,0
"","male","education","medium",-1.7977,0.0026
"","male","education","medium",-1.4216,0.0117
"","male","education","medium",-1.1036,0.0226
"","male","education","medium",-0.9392,0.0325
"","male","education","medium",-0.8588,0.0412
"","male","education","medium",-0.7622,0.0521
"","male","education","medium",-0.7058,0.0608
"","male","education","medium",-0.6273,0.0759
"","male","education","medium",-0.5621,0.0914
"","male","education","medium",-0.4987,0.1119
"","male","education","medium",-0.4546,0.1283
"","male","education","medium",-0.4077,0.1484
"","male","education","medium",-0.342,0.1776
"","male","education","medium",-0.2931,0.2001
"","male","education","medium",-0.19,0.2557
"","male","education","medium",-0.0821,0.3209
"","male","education","medium",0.0531,0.4097
"","male","education","medium",0.237,0.5383
"","male","education","medium",0.4795,0.719
"","male","education","medium",0.87,1.0285
"","male","education","medium",2.2288,2.2522
"","male","education","medium",5.0921,5.0921
"","male","education","high",-1.8189,0
"","male","education","high",-1.7247,0.001
"","male","education","high",-1.5299,0.0062
"","male","education","high",-1.4121,0.0108
"","male","education","high",-1.2938,0.0222
"","male","education","high",-1.1876,0.0351
"","male","education","high",-1.0875,0.0494
"","male","education","high",-0.9158,0.0768
"","male","education","high",-0.8454,0.0892
"","male","education","high",-0.7409,0.1099
"","male","education","high",-0.6865,0.1221
"","male","education","high",-0.6041,0.1423
"","male","education","high",-0.5076,0.1723
"","male","education","high",-0.4267,0.2007
"","male","education","high",-0.3399,0.2361
"","male","education","high",-0.2734,0.2651
"","male","education","high",-0.1582,0.3186
"","male","education","high",-0.0403,0.3782
"","male","education","high",0.084,0.4463
"","male","education","high",0.1797,0.5023
"","male","education","high",1.1233,1.2104
"","male","education","high",3.359,3.359
"","male","health","low",-1.6179,0
"","male","health","low",-1.336,0.0022
"","male","health","low",-0.9035,0.0321
"","male","health","low",-0.7902,0.0452
"","male","health","low",-0.6589,0.0641
"","male","health","low",-0.6162,0.0716
"","male","health","low",-0.5378,0.0872
"","male","health","low",-0.4972,0.0961
"","male","health","low",-0.4606,0.1049
"","male","health","low",-0.4042,0.121
"","male","health","low",-0.319,0.1518
"","male","health","low",-0.2638,0.173
"","male","health","low",-0.1873,0.2042
"","male","health","low",-0.0936,0.2472
"","male","health","low",-0.0049,0.3011
"","male","health","low",0.0652,0.3507
"","male","health","low",0.2006,0.4508
"","male","health","low",0.3512,0.5683
"","male","health","low",0.5074,0.6975
"","male","health","low",0.7423,0.901
"","male","health","low",1.785,1.8586
"","male","health","low",4.8241,4.8241
"","male","health","medium",-2.4109,0
"","male","health","medium",-2.2069,0.0016
"","male","health","medium",-2.0033,0.01
"","male","health","medium",-1.7094,0.0276
"","male","health","medium",-1.4944,0.0433
"","male","health","medium",-1.2953,0.0615
"","male","health","medium",-1.1182,0.0807
"","male","health","medium",-0.943,0.1022
"","male","health","medium",-0.8094,0.1227
"","male","health","medium",-0.688,0.1463
"","male","health","medium",-0.515,0.1892
"","male","health","medium",-0.4362,0.2102
"","male","health","medium",-0.3474,0.2379
"","male","health","medium",-0.2785,0.2621
"","male","health","medium",-0.1759,0.3023
"","male","health","medium",-0.0421,0.362
"","male","health","medium",0.0801,0.4236
"","male","health","medium",0.209,0.4941
"","male","health","medium",0.5461,0.6997
"","male","health","medium",0.7636,0.8681
"","male","health","medium",1.0537,1.1215
"","male","health","medium",1.7226,1.7549
"","male","health","medium",3.1253,3.1253
"","male","health","high",-1.7689,0
"","male","health","high",-1.6238,0.002
"","male","health","high",-1.4447,0.0076
"","male","health","high",-1.3697,0.0121
"","male","health","high",-1.1908,0.0276
"","male","health","high",-1.0257,0.0468
"","male","health","high",-0.8846,0.0713
"","male","health","high",-0.7612,0.1013
"","male","health","high",-0.6,0.1537
"","male","health","high",-0.4603,0.2069
"","male","health","high",-0.3362,0.262
"","male","health","high",-0.1602,0.3436
"","male","health","high",0.0201,0.4333
"","male","health","high",0.1831,0.5197
"","male","health","high",0.687,0.8513
"","male","health","high",1.8522,1.8683
"","male","health","high",3.0511,3.0511
"","male","entertainment","low",-0.3888,0
"","male","entertainment","low",-0.3572,0.0022
"","male","entertainment","low",-0.3271,0.0052
"","male","entertainment","low",-0.2822,0.0102
"","male","entertainment","low",-0.2196,0.0222
"","male","entertainment","low",-0.1814,0.0322
"","male","entertainment","low",-0.1393,0.0468
"","male","entertainment","low",-0.1056,0.062
"","male","entertainment","low",-0.0716,0.0797
"","male","entertainment","low",-0.0344,0.1008
"","male","entertainment","low",0.0074,0.1302
"","male","entertainment","low",0.0479,0.1626
"","male","entertainment","low",0.1057,0.2138
"","male","entertainment","low",0.2211,0.3218
"","male","entertainment","low",0.6917,0.7788
"","male","entertainment","low",10.2635,10.2635
"","male","entertainment","medium",-1.5027,0
"","male","entertainment","medium",-1.4176,0.0014
"","male","entertainment","medium",-1.3197,0.0066
"","male","entertainment","medium",-1.1783,0.0155
"","male","entertainment","medium",-1.0754,0.0229
"","male","entertainment","medium",-0.955,0.0363
"","male","entertainment","medium",-0.8276,0.0552
"","male","entertainment","medium",-0.6999,0.0812
"","male","entertainment","medium",-0.6157,0.103
"","male","entertainment","medium",-0.5371,0.1287
"","male","entertainment","medium",-0.456,0.1602
"","male","entertainment","medium",-0.3976,0.1859
"","male","entertainment","medium",-0.2941,0.2333
"","male","entertainment","medium",-0.1663,0.2948
"","male","entertainment","medium",0.0323,0.4028
"","male","entertainment","medium",0.2528,0.539
"","male","entertainment","medium",0.4606,0.6811
"","male","entertainment","medium",0.7041,0.8656
"","male","entertainment","medium",0.9233,1.0406
"","male","entertainment","medium",2.066,2.1109
"","male","entertainment","medium",4.271,4.271
"","male","entertainment","high",-1.5885,0
"","male","entertainment","high",-1.2747,0.0041
"","male","entertainment","high",-1.1619,0.0126
"","male","entertainment","high",-0.9801,0.0364
"","male","entertainment","high",-0.868,0.0543
"","male","entertainment","high",-0.7871,0.0735
"","male","entertainment","high",-0.693,0.1054
"","male","entertainment","high",-0.6065,0.1407
"","male","entertainment","high",-0.3969,0.2317
"","male","entertainment","high",-0.1475,0.344
"","male","entertainment","high",0.0279,0.4373
"","male","entertainment","high",0.2983,0.6039
"","male","entertainment","high",0.4317,0.6928
"","male","entertainment","high",1.1703,1.2493
"","male","entertainment","high",2.6376,2.6376
"","male","otherserv","low",-0.3888,0
"","male","otherserv","low",-0.3572,0.0022
"","male","otherserv","low",-0.3271,0.0052
"","male","otherserv","low",-0.2822,0.0102
"","male","otherserv","low",-0.2196,0.0222
"","male","otherserv","low",-0.1814,0.0322
"","male","otherserv","low",-0.1393,0.0468
"","male","otherserv","low",-0.1056,0.062
"","male","otherserv","low",-0.0716,0.0797
"","male","otherserv","low",-0.0344,0.1008
"","male","otherserv","low",0.0074,0.1302
"","male","otherserv","low",0.0479,0.1626
"","male","otherserv","low",0.1057,0.2138
"","male","otherserv","low",0.2211,0.3218
"","male","otherserv","low",0.6917,0.7788
"","male","otherserv","low",10.2635,10.2635
"","male","otherserv","medium",-1.5027,0
"","male","otherserv","medium",-1.4176,0.0014
"","male","otherserv","medium",-1.3197,0.0066
"","male","otherserv","medium",-1.1783,0.0155
"","male","otherserv","medium",-1.0754,0.0229
"","male","otherserv","medium",-0.955,0.0363
"","male","otherserv","medium",-0.8276,0.0552
"","male","otherserv","medium",-0.6999,0.0812
"","male","otherserv","medium",-0.6157,0.103
"","male","otherserv","medium",-0.5371,0.1287
"","male","otherserv","medium",-0.456,0.1602
"","male","otherserv","medium",-0.3976,0.1859
"","male","otherserv","medium",-0.2941,0.2333
"","male","otherserv","medium",-0.1663,0.2948
"","male","otherserv","medium",0.0323,0.4028
"","male","otherserv","medium",0.2528,0.539
"","male","otherserv","medium",0.4606,0.6811
"","male","otherserv","medium",0.7041,0.8656
"","male","otherserv","medium",0.9233,1.0406
"","male","otherserv","medium",2.066,2.1109
"","male","otherserv","medium",4.271,4.271
"","male","otherserv","high",-1.5885,0
"","male","otherserv","high",-1.2747,0.0041
"","male","otherserv","high",-1.1619,0.0126
"","male","otherserv","high",-0.9801,0.0364
"","male","otherserv","high",-0.868,0.0543
"","male","otherserv","high",-0.7871,0.0735
"","male","otherserv","high",-0.693,0.1054
"","male","otherserv","high",-0.6065,0.1407
"","male","otherserv","high",-0.3969,0.2317
"","male","otherserv","high",-0.1475,0.344
"","male","otherserv","high",0.0279,0.4373
"","male","otherserv","high",0.2983,0.6039
"","male","otherserv","high",0.4317,0.6928
"","male","otherserv","high",1.1703,1.2493
"","male","otherserv","high",2.6376,2.6376
"","female","agri","low",-1.5672,0
"","female","agri","low",-1.252,0.0049
"","female","agri","low",-1.0974,0.0176
"","female","agri","low",-1.0328,0.0259
"","female","agri","low",-0.9803,0.0333
"","female","agri","low",-0.9287,0.0429
"","female","agri","low",-0.8454,0.0614
"","female","agri","low",-0.7883,0.0756
"","female","agri","low",-0.7659,0.0819
"","female","agri","low",-0.7318,0.0919
"","female","agri","low",-0.6893,0.1055
"","female","agri","low",-0.6047,0.1347
"","female","agri","low",-0.5626,0.1507
"","female","agri","low",-0.379,0.2249
"","female","agri","low",-0.3568,0.234
"","female","agri","low",-0.319,0.2508
"","female","agri","low",-0.24,0.2897
"","female","agri","low",-0.0351,0.398
"","female","agri","low",0.0078,0.4225
"","female","agri","low",0.1435,0.506
"","female","agri","low",0.3141,0.6177
"","female","agri","low",0.4895,0.7404
"","female","agri","low",0.7702,0.945
"","female","agri","low",1.1661,1.2498
"","female","agri","low",1.4398,1.4768
"","female","agri","low",2.873,2.873
"","female","agri","medium",-1.7969,0
"","female","agri","medium",-1.7926,1e-04
"","female","agri","medium",-1.3681,0.0204
"","female","agri","medium",-1.1996,0.0332
"","female","agri","medium",-1.18,0.0356
"","female","agri","medium",-1.0856,0.0521
"","female","agri","medium",-0.8479,0.1042
"","female","agri","medium",-0.7466,0.1304
"","female","agri","medium",-0.5517,0.198
"","female","agri","medium",-0.2194,0.3316
"","female","agri","medium",-0.0775,0.3928
"","female","agri","medium",0.1438,0.4971
"","female","agri","medium",0.3523,0.614
"","female","agri","medium",0.4736,0.696
"","female","agri","medium",0.7727,0.9081
"","female","agri","medium",0.9834,1.0698
"","female","agri","medium",1.2681,1.3084
"","female","agri","medium",1.4468,1.4693
"","female","agri","medium",1.7361,1.7392
"","female","agri","medium",1.9581,1.9581
"","female","agri","high",-1.2028,0
"","female","agri","high",0.8314,0.8314
"","female","mining","low",-2.0427,0
"","female","mining","low",-2.0128,1e-04
"","female","mining","low",-1.8746,0.0013
"","female","mining","low",-1.7991,0.0026
"","female","mining","low",-1.738,0.004
"","female","mining","low",-1.5472,0.0107
"","female","mining","low",-1.3036,0.0253
"","female","mining","low",-1.2366,0.0305
"","female","mining","low",-1.1173,0.0425
"","female","mining","low",-1.0522,0.05
"","female","mining","low",-0.953,0.0632
"","female","mining","low",-0.8962,0.0714
"","female","mining","low",-0.7603,0.094
"","female","mining","low",-0.7244,0.1007
"","female","mining","low",-0.6287,0.1212
"","female","mining","low",-0.547,0.1412
"","female","mining","low",-0.4698,0.1624
"","female","mining","low",-0.4022,0.1827
"","female","mining","low",-0.3485,0.2
"","female","mining","low",-0.208,0.2529
"","female","mining","low",-0.0984,0.3014
"","female","mining","low",-0.0026,0.3498
"","female","mining","low",0.003,0.3528
"","female","mining","low",0.0107,0.3569
"","female","mining","low",0.0873,0.4003
"","female","mining","low",0.1746,0.4554
"","female","mining","low",0.2447,0.502
"","female","mining","low",0.387,0.6019
"","female","mining","low",0.5213,0.704
"","female","mining","low",0.6805,0.8328
"","female","mining","low",0.8931,1.0119
"","female","mining","low",0.9981,1.1037
"","female","mining","low",1.1164,1.2094
"","female","mining","low",1.3374,1.4128
"","female","mining","low",1.5807,1.6406
"","female","mining","low",1.7722,1.821
"","female","mining","low",2.0136,2.0513
"","female","mining","low",2.3481,2.3741
"","female","mining","low",2.7641,2.7802
"","female","mining","low",2.8356,2.8506
"","female","mining","low",2.9672,2.9807
"","female","mining","low",6.107,6.107
"","female","mining","medium",-2.277,0
"","female","mining","medium",-2.245,1e-04
"","female","mining","medium",-2.1883,5e-04
"","female","mining","medium",-2.1377,0.0011
"","female","mining","medium",-2.0842,0.002
"","female","mining","medium",-1.9895,0.0043
"","female","mining","medium",-1.9688,0.005
"","female","mining","medium",-1.8389,0.0102
"","female","mining","medium",-1.535,0.0239
"","female","mining","medium",-1.3808,0.0321
"","female","mining","medium",-1.2587,0.0402
"","female","mining","medium",-1.1424,0.0504
"","female","mining","medium",-1.0393,0.061
"","female","mining","medium",-0.952,0.0709
"","female","mining","medium",-0.8791,0.0801
"","female","mining","medium",-0.8083,0.0909
"","female","mining","medium",-0.7538,0.1007
"","female","mining","medium",-0.6581,0.1201
"","female","mining","medium",-0.5717,0.1402
"","female","mining","medium",-0.4973,0.1611
"","female","mining","medium",-0.4362,0.1802
"","female","mining","medium",-0.377,0.2002
"","female","mining","medium",-0.321,0.2209
"","female","mining","medium",-0.2616,0.2444
"","female","mining","medium",-0.2117,0.2659
"","female","mining","medium",-0.1349,0.3014
"","female","mining","medium",-0.0358,0.3526
"","female","mining","medium",-0.0038,0.3701
"","female","mining","medium",0.0097,0.3777
"","female","mining","medium",0.0504,0.4012
"","female","mining","medium",0.1444,0.4576
"","female","mining","medium",0.2129,0.5007
"","female","mining","medium",0.2921,0.5529
"","female","mining","medium",0.3619,0.6006
"","female","mining","medium",0.4996,0.7001
"","female","mining","medium",0.6356,0.8038
"","female","mining","medium",0.8925,1.0125
"","female","mining","medium",1.1587,1.2406
"","female","mining","medium",1.4601,1.5107
"","female","mining","medium",1.7187,1.7542
"","female","mining","medium",1.9841,2.0101
"","female","mining","medium",2.5168,2.5307
"","female","mining","medium",3.3064,3.3118
"","female","mining","medium",4.1249,4.1282
"","female","mining","medium",6.3384,6.3384
"","female","mining","high",-1.7955,0
"","female","mining","high",-1.4307,0.0014
"","female","mining","high",-1.1324,0.0106
"","female","mining","high",-0.948,0.0213
"","female","mining","high",-0.8577,0.0312
"","female","mining","high",-0.8069,0.0401
"","female","mining","high",-0.7448,0.0528
"","female","mining","high",-0.7123,0.0605
"","female","mining","high",-0.6887,0.0671
"","female","mining","high",-0.6363,0.0823
"","female","mining","high",-0.5959,0.0951
"","female","mining","high",-0.5751,0.1023
"","female","mining","high",-0.5109,0.1253
"","female","mining","high",-0.4248,0.1597
"","female","mining","high",-0.3229,0.2043
"","female","mining","high",-0.2235,0.2532
"","female","mining","high",-0.1294,0.3016
"","female","mining","high",0.0688,0.4191
"","female","mining","high",0.2176,0.5196
"","female","mining","high",0.3324,0.6022
"","female","mining","high",0.596,0.8069
"","female","mining","high",0.9664,1.1128
"","female","mining","high",1.1943,1.3088
"","female","mining","high",1.4902,1.5705
"","female","mining","high",1.7772,1.8296
"","female","mining","high",2.269,2.2939
"","female","mining","high",3.0763,3.082
"","female","mining","high",3.5053,3.5053
"","female","manufacturing","low",-2.0427,0
"","female","manufacturing","low",-2.0128,1e-04
"","female","manufacturing","low",-1.8746,0.0013
"","female","manufacturing","low",-1.7991,0.0026
"","female","manufacturing","low",-1.738,0.004
"","female","manufacturing","low",-1.5472,0.0107
"","female","manufacturing","low",-1.3036,0.0253
"","female","manufacturing","low",-1.2366,0.0305
"","female","manufacturing","low",-1.1173,0.0425
"","female","manufacturing","low",-1.0522,0.05
"","female","manufacturing","low",-0.953,0.0632
"","female","manufacturing","low",-0.8962,0.0714
"","female","manufacturing","low",-0.7603,0.094
"","female","manufacturing","low",-0.7244,0.1007
"","female","manufacturing","low",-0.6287,0.1212
"","female","manufacturing","low",-0.547,0.1412
"","female","manufacturing","low",-0.4698,0.1624
"","female","manufacturing","low",-0.4022,0.1827
"","female","manufacturing","low",-0.3485,0.2
"","female","manufacturing","low",-0.208,0.2529
"","female","manufacturing","low",-0.0984,0.3014
"","female","manufacturing","low",-0.0026,0.3498
"","female","manufacturing","low",0.003,0.3528
"","female","manufacturing","low",0.0107,0.3569
"","female","manufacturing","low",0.0873,0.4003
"","female","manufacturing","low",0.1746,0.4554
"","female","manufacturing","low",0.2447,0.502
"","female","manufacturing","low",0.387,0.6019
"","female","manufacturing","low",0.5213,0.704
"","female","manufacturing","low",0.6805,0.8328
"","female","manufacturing","low",0.8931,1.0119
"","female","manufacturing","low",0.9981,1.1037
"","female","manufacturing","low",1.1164,1.2094
"","female","manufacturing","low",1.3374,1.4128
"","female","manufacturing","low",1.5807,1.6406
"","female","manufacturing","low",1.7722,1.821
"","female","manufacturing","low",2.0136,2.0513
"","female","manufacturing","low",2.3481,2.3741
"","female","manufacturing","low",2.7641,2.7802
"","female","manufacturing","low",2.8356,2.8506
"","female","manufacturing","low",2.9672,2.9807
"","female","manufacturing","low",6.107,6.107
"","female","manufacturing","medium",-2.277,0
"","female","manufacturing","medium",-2.245,1e-04
"","female","manufacturing","medium",-2.1883,5e-04
"","female","manufacturing","medium",-2.1377,0.0011
"","female","manufacturing","medium",-2.0842,0.002
"","female","manufacturing","medium",-1.9895,0.0043
"","female","manufacturing","medium",-1.9688,0.005
"","female","manufacturing","medium",-1.8389,0.0102
"","female","manufacturing","medium",-1.535,0.0239
"","female","manufacturing","medium",-1.3808,0.0321
"","female","manufacturing","medium",-1.2587,0.0402
"","female","manufacturing","medium",-1.1424,0.0504
"","female","manufacturing","medium",-1.0393,0.061
"","female","manufacturing","medium",-0.952,0.0709
"","female","manufacturing","medium",-0.8791,0.0801
"","female","manufacturing","medium",-0.8083,0.0909
"","female","manufacturing","medium",-0.7538,0.1007
"","female","manufacturing","medium",-0.6581,0.1201
"","female","manufacturing","medium",-0.5717,0.1402
"","female","manufacturing","medium",-0.4973,0.1611
"","female","manufacturing","medium",-0.4362,0.1802
"","female","manufacturing","medium",-0.377,0.2002
"","female","manufacturing","medium",-0.321,0.2209
"","female","manufacturing","medium",-0.2616,0.2444
"","female","manufacturing","medium",-0.2117,0.2659
"","female","manufacturing","medium",-0.1349,0.3014
"","female","manufacturing","medium",-0.0358,0.3526
"","female","manufacturing","medium",-0.0038,0.3701
"","female","manufacturing","medium",0.0097,0.3777
"","female","manufacturing","medium",0.0504,0.4012
"","female","manufacturing","medium",0.1444,0.4576
"","female","manufacturing","medium",0.2129,0.5007
"","female","manufacturing","medium",0.2921,0.5529
"","female","manufacturing","medium",0.3619,0.6006
"","female","manufacturing","medium",0.4996,0.7001
"","female","manufacturing","medium",0.6356,0.8038
"","female","manufacturing","medium",0.8925,1.0125
"","female","manufacturing","medium",1.1587,1.2406
"","female","manufacturing","medium",1.4601,1.5107
"","female","manufacturing","medium",1.7187,1.7542
"","female","manufacturing","medium",1.9841,2.0101
"","female","manufacturing","medium",2.5168,2.5307
"","female","manufacturing","medium",3.3064,3.3118
"","female","manufacturing","medium",4.1249,4.1282
"","female","manufacturing","medium",6.3384,6.3384
"","female","manufacturing","high",-1.7955,0
"","female","manufacturing","high",-1.4307,0.0014
"","female","manufacturing","high",-1.1324,0.0106
"","female","manufacturing","high",-0.948,0.0213
"","female","manufacturing","high",-0.8577,0.0312
"","female","manufacturing","high",-0.8069,0.0401
"","female","manufacturing","high",-0.7448,0.0528
"","female","manufacturing","high",-0.7123,0.0605
"","female","manufacturing","high",-0.6887,0.0671
"","female","manufacturing","high",-0.6363,0.0823
"","female","manufacturing","high",-0.5959,0.0951
"","female","manufacturing","high",-0.5751,0.1023
"","female","manufacturing","high",-0.5109,0.1253
"","female","manufacturing","high",-0.4248,0.1597
"","female","manufacturing","high",-0.3229,0.2043
"","female","manufacturing","high",-0.2235,0.2532
"","female","manufacturing","high",-0.1294,0.3016
"","female","manufacturing","high",0.0688,0.4191
"","female","manufacturing","high",0.2176,0.5196
"","female","manufacturing","high",0.3324,0.6022
"","female","manufacturing","high",0.596,0.8069
"","female","manufacturing","high",0.9664,1.1128
"","female","manufacturing","high",1.1943,1.3088
"","female","manufacturing","high",1.4902,1.5705
"","female","manufacturing","high",1.7772,1.8296
"","female","manufacturing","high",2.269,2.2939
"","female","manufacturing","high",3.0763,3.082
"","female","manufacturing","high",3.5053,3.5053
"","female","petroleum","low",-2.0427,0
"","female","petroleum","low",-2.0128,1e-04
"","female","petroleum","low",-1.8746,0.0013
"","female","petroleum","low",-1.7991,0.0026
"","female","petroleum","low",-1.738,0.004
"","female","petroleum","low",-1.5472,0.0107
"","female","petroleum","low",-1.3036,0.0253
"","female","petroleum","low",-1.2366,0.0305
"","female","petroleum","low",-1.1173,0.0425
"","female","petroleum","low",-1.0522,0.05
"","female","petroleum","low",-0.953,0.0632
"","female","petroleum","low",-0.8962,0.0714
"","female","petroleum","low",-0.7603,0.094
"","female","petroleum","low",-0.7244,0.1007
"","female","petroleum","low",-0.6287,0.1212
"","female","petroleum","low",-0.547,0.1412
"","female","petroleum","low",-0.4698,0.1624
"","female","petroleum","low",-0.4022,0.1827
"","female","petroleum","low",-0.3485,0.2
"","female","petroleum","low",-0.208,0.2529
"","female","petroleum","low",-0.0984,0.3014
"","female","petroleum","low",-0.0026,0.3498
"","female","petroleum","low",0.003,0.3528
"","female","petroleum","low",0.0107,0.3569
"","female","petroleum","low",0.0873,0.4003
"","female","petroleum","low",0.1746,0.4554
"","female","petroleum","low",0.2447,0.502
"","female","petroleum","low",0.387,0.6019
"","female","petroleum","low",0.5213,0.704
"","female","petroleum","low",0.6805,0.8328
"","female","petroleum","low",0.8931,1.0119
"","female","petroleum","low",0.9981,1.1037
"","female","petroleum","low",1.1164,1.2094
"","female","petroleum","low",1.3374,1.4128
"","female","petroleum","low",1.5807,1.6406
"","female","petroleum","low",1.7722,1.821
"","female","petroleum","low",2.0136,2.0513
"","female","petroleum","low",2.3481,2.3741
"","female","petroleum","low",2.7641,2.7802
"","female","petroleum","low",2.8356,2.8506
"","female","petroleum","low",2.9672,2.9807
"","female","petroleum","low",6.107,6.107
"","female","petroleum","medium",-2.277,0
"","female","petroleum","medium",-2.245,1e-04
"","female","petroleum","medium",-2.1883,5e-04
"","female","petroleum","medium",-2.1377,0.0011
"","female","petroleum","medium",-2.0842,0.002
"","female","petroleum","medium",-1.9895,0.0043
"","female","petroleum","medium",-1.9688,0.005
"","female","petroleum","medium",-1.8389,0.0102
"","female","petroleum","medium",-1.535,0.0239
"","female","petroleum","medium",-1.3808,0.0321
"","female","petroleum","medium",-1.2587,0.0402
"","female","petroleum","medium",-1.1424,0.0504
"","female","petroleum","medium",-1.0393,0.061
"","female","petroleum","medium",-0.952,0.0709
"","female","petroleum","medium",-0.8791,0.0801
"","female","petroleum","medium",-0.8083,0.0909
"","female","petroleum","medium",-0.7538,0.1007
"","female","petroleum","medium",-0.6581,0.1201
"","female","petroleum","medium",-0.5717,0.1402
"","female","petroleum","medium",-0.4973,0.1611
"","female","petroleum","medium",-0.4362,0.1802
"","female","petroleum","medium",-0.377,0.2002
"","female","petroleum","medium",-0.321,0.2209
"","female","petroleum","medium",-0.2616,0.2444
"","female","petroleum","medium",-0.2117,0.2659
"","female","petroleum","medium",-0.1349,0.3014
"","female","petroleum","medium",-0.0358,0.3526
"","female","petroleum","medium",-0.0038,0.3701
"","female","petroleum","medium",0.0097,0.3777
"","female","petroleum","medium",0.0504,0.4012
"","female","petroleum","medium",0.1444,0.4576
"","female","petroleum","medium",0.2129,0.5007
"","female","petroleum","medium",0.2921,0.5529
"","female","petroleum","medium",0.3619,0.6006
"","female","petroleum","medium",0.4996,0.7001
"","female","petroleum","medium",0.6356,0.8038
"","female","petroleum","medium",0.8925,1.0125
"","female","petroleum","medium",1.1587,1.2406
"","female","petroleum","medium",1.4601,1.5107
"","female","petroleum","medium",1.7187,1.7542
"","female","petroleum","medium",1.9841,2.0101
"","female","petroleum","medium",2.5168,2.5307
"","female","petroleum","medium",3.3064,3.3118
"","female","petroleum","medium",4.1249,4.1282
"","female","petroleum","medium",6.3384,6.3384
"","female","petroleum","high",-1.7955,0
"","female","petroleum","high",-1.4307,0.0014
"","female","petroleum","high",-1.1324,0.0106
"","female","petroleum","high",-0.948,0.0213
"","female","petroleum","high",-0.8577,0.0312
"","female","petroleum","high",-0.8069,0.0401
"","female","petroleum","high",-0.7448,0.0528
"","female","petroleum","high",-0.7123,0.0605
"","female","petroleum","high",-0.6887,0.0671
"","female","petroleum","high",-0.6363,0.0823
"","female","petroleum","high",-0.5959,0.0951
"","female","petroleum","high",-0.5751,0.1023
"","female","petroleum","high",-0.5109,0.1253
"","female","petroleum","high",-0.4248,0.1597
"","female","petroleum","high",-0.3229,0.2043
"","female","petroleum","high",-0.2235,0.2532
"","female","petroleum","high",-0.1294,0.3016
"","female","petroleum","high",0.0688,0.4191
"","female","petroleum","high",0.2176,0.5196
"","female","petroleum","high",0.3324,0.6022
"","female","petroleum","high",0.596,0.8069
"","female","petroleum","high",0.9664,1.1128
"","female","petroleum","high",1.1943,1.3088
"","female","petroleum","high",1.4902,1.5705
"","female","petroleum","high",1.7772,1.8296
"","female","petroleum","high",2.269,2.2939
"","female","petroleum","high",3.0763,3.082
"","female","petroleum","high",3.5053,3.5053
"","female","electricity","low",-2.0427,0
"","female","electricity","low",-2.0128,1e-04
"","female","electricity","low",-1.8746,0.0013
"","female","electricity","low",-1.7991,0.0026
"","female","electricity","low",-1.738,0.004
"","female","electricity","low",-1.5472,0.0107
"","female","electricity","low",-1.3036,0.0253
"","female","electricity","low",-1.2366,0.0305
"","female","electricity","low",-1.1173,0.0425
"","female","electricity","low",-1.0522,0.05
"","female","electricity","low",-0.953,0.0632
"","female","electricity","low",-0.8962,0.0714
"","female","electricity","low",-0.7603,0.094
"","female","electricity","low",-0.7244,0.1007
"","female","electricity","low",-0.6287,0.1212
"","female","electricity","low",-0.547,0.1412
"","female","electricity","low",-0.4698,0.1624
"","female","electricity","low",-0.4022,0.1827
"","female","electricity","low",-0.3485,0.2
"","female","electricity","low",-0.208,0.2529
"","female","electricity","low",-0.0984,0.3014
"","female","electricity","low",-0.0026,0.3498
"","female","electricity","low",0.003,0.3528
"","female","electricity","low",0.0107,0.3569
"","female","electricity","low",0.0873,0.4003
"","female","electricity","low",0.1746,0.4554
"","female","electricity","low",0.2447,0.502
"","female","electricity","low",0.387,0.6019
"","female","electricity","low",0.5213,0.704
"","female","electricity","low",0.6805,0.8328
"","female","electricity","low",0.8931,1.0119
"","female","electricity","low",0.9981,1.1037
"","female","electricity","low",1.1164,1.2094
"","female","electricity","low",1.3374,1.4128
"","female","electricity","low",1.5807,1.6406
"","female","electricity","low",1.7722,1.821
"","female","electricity","low",2.0136,2.0513
"","female","electricity","low",2.3481,2.3741
"","female","electricity","low",2.7641,2.7802
"","female","electricity","low",2.8356,2.8506
"","female","electricity","low",2.9672,2.9807
"","female","electricity","low",6.107,6.107
"","female","electricity","medium",-2.277,0
"","female","electricity","medium",-2.245,1e-04
"","female","electricity","medium",-2.1883,5e-04
"","female","electricity","medium",-2.1377,0.0011
"","female","electricity","medium",-2.0842,0.002
"","female","electricity","medium",-1.9895,0.0043
"","female","electricity","medium",-1.9688,0.005
"","female","electricity","medium",-1.8389,0.0102
"","female","electricity","medium",-1.535,0.0239
"","female","electricity","medium",-1.3808,0.0321
"","female","electricity","medium",-1.2587,0.0402
"","female","electricity","medium",-1.1424,0.0504
"","female","electricity","medium",-1.0393,0.061
"","female","electricity","medium",-0.952,0.0709
"","female","electricity","medium",-0.8791,0.0801
"","female","electricity","medium",-0.8083,0.0909
"","female","electricity","medium",-0.7538,0.1007
"","female","electricity","medium",-0.6581,0.1201
"","female","electricity","medium",-0.5717,0.1402
"","female","electricity","medium",-0.4973,0.1611
"","female","electricity","medium",-0.4362,0.1802
"","female","electricity","medium",-0.377,0.2002
"","female","electricity","medium",-0.321,0.2209
"","female","electricity","medium",-0.2616,0.2444
"","female","electricity","medium",-0.2117,0.2659
"","female","electricity","medium",-0.1349,0.3014
"","female","electricity","medium",-0.0358,0.3526
"","female","electricity","medium",-0.0038,0.3701
"","female","electricity","medium",0.0097,0.3777
"","female","electricity","medium",0.0504,0.4012
"","female","electricity","medium",0.1444,0.4576
"","female","electricity","medium",0.2129,0.5007
"","female","electricity","medium",0.2921,0.5529
"","female","electricity","medium",0.3619,0.6006
"","female","electricity","medium",0.4996,0.7001
"","female","electricity","medium",0.6356,0.8038
"","female","electricity","medium",0.8925,1.0125
"","female","electricity","medium",1.1587,1.2406
"","female","electricity","medium",1.4601,1.5107
"","female","electricity","medium",1.7187,1.7542
"","female","electricity","medium",1.9841,2.0101
"","female","electricity","medium",2.5168,2.5307
"","female","electricity","medium",3.3064,3.3118
"","female","electricity","medium",4.1249,4.1282
"","female","electricity","medium",6.3384,6.3384
"","female","electricity","high",-1.7955,0
"","female","electricity","high",-1.4307,0.0014
"","female","electricity","high",-1.1324,0.0106
"","female","electricity","high",-0.948,0.0213
"","female","electricity","high",-0.8577,0.0312
"","female","electricity","high",-0.8069,0.0401
"","female","electricity","high",-0.7448,0.0528
"","female","electricity","high",-0.7123,0.0605
"","female","electricity","high",-0.6887,0.0671
"","female","electricity","high",-0.6363,0.0823
"","female","electricity","high",-0.5959,0.0951
"","female","electricity","high",-0.5751,0.1023
"","female","electricity","high",-0.5109,0.1253
"","female","electricity","high",-0.4248,0.1597
"","female","electricity","high",-0.3229,0.2043
"","female","electricity","high",-0.2235,0.2532
"","female","electricity","high",-0.1294,0.3016
"","female","electricity","high",0.0688,0.4191
"","female","electricity","high",0.2176,0.5196
"","female","electricity","high",0.3324,0.6022
"","female","electricity","high",0.596,0.8069
"","female","electricity","high",0.9664,1.1128
"","female","electricity","high",1.1943,1.3088
"","female","electricity","high",1.4902,1.5705
"","female","electricity","high",1.7772,1.8296
"","female","electricity","high",2.269,2.2939
"","female","electricity","high",3.0763,3.082
"","female","electricity","high",3.5053,3.5053
"","female","water","low",-2.0427,0
"","female","water","low",-2.0128,1e-04
"","female","water","low",-1.8746,0.0013
"","female","water","low",-1.7991,0.0026
"","female","water","low",-1.738,0.004
"","female","water","low",-1.5472,0.0107
"","female","water","low",-1.3036,0.0253
"","female","water","low",-1.2366,0.0305
"","female","water","low",-1.1173,0.0425
"","female","water","low",-1.0522,0.05
"","female","water","low",-0.953,0.0632
"","female","water","low",-0.8962,0.0714
"","female","water","low",-0.7603,0.094
"","female","water","low",-0.7244,0.1007
"","female","water","low",-0.6287,0.1212
"","female","water","low",-0.547,0.1412
"","female","water","low",-0.4698,0.1624
"","female","water","low",-0.4022,0.1827
"","female","water","low",-0.3485,0.2
"","female","water","low",-0.208,0.2529
"","female","water","low",-0.0984,0.3014
"","female","water","low",-0.0026,0.3498
"","female","water","low",0.003,0.3528
"","female","water","low",0.0107,0.3569
"","female","water","low",0.0873,0.4003
"","female","water","low",0.1746,0.4554
"","female","water","low",0.2447,0.502
"","female","water","low",0.387,0.6019
"","female","water","low",0.5213,0.704
"","female","water","low",0.6805,0.8328
"","female","water","low",0.8931,1.0119
"","female","water","low",0.9981,1.1037
"","female","water","low",1.1164,1.2094
"","female","water","low",1.3374,1.4128
"","female","water","low",1.5807,1.6406
"","female","water","low",1.7722,1.821
"","female","water","low",2.0136,2.0513
"","female","water","low",2.3481,2.3741
"","female","water","low",2.7641,2.7802
"","female","water","low",2.8356,2.8506
"","female","water","low",2.9672,2.9807
"","female","water","low",6.107,6.107
"","female","water","medium",-2.277,0
"","female","water","medium",-2.245,1e-04
"","female","water","medium",-2.1883,5e-04
"","female","water","medium",-2.1377,0.0011
"","female","water","medium",-2.0842,0.002
"","female","water","medium",-1.9895,0.0043
"","female","water","medium",-1.9688,0.005
"","female","water","medium",-1.8389,0.0102
"","female","water","medium",-1.535,0.0239
"","female","water","medium",-1.3808,0.0321
"","female","water","medium",-1.2587,0.0402
"","female","water","medium",-1.1424,0.0504
"","female","water","medium",-1.0393,0.061
"","female","water","medium",-0.952,0.0709
"","female","water","medium",-0.8791,0.0801
"","female","water","medium",-0.8083,0.0909
"","female","water","medium",-0.7538,0.1007
"","female","water","medium",-0.6581,0.1201
"","female","water","medium",-0.5717,0.1402
"","female","water","medium",-0.4973,0.1611
"","female","water","medium",-0.4362,0.1802
"","female","water","medium",-0.377,0.2002
"","female","water","medium",-0.321,0.2209
"","female","water","medium",-0.2616,0.2444
"","female","water","medium",-0.2117,0.2659
"","female","water","medium",-0.1349,0.3014
"","female","water","medium",-0.0358,0.3526
"","female","water","medium",-0.0038,0.3701
"","female","water","medium",0.0097,0.3777
"","female","water","medium",0.0504,0.4012
"","female","water","medium",0.1444,0.4576
"","female","water","medium",0.2129,0.5007
"","female","water","medium",0.2921,0.5529
"","female","water","medium",0.3619,0.6006
"","female","water","medium",0.4996,0.7001
"","female","water","medium",0.6356,0.8038
"","female","water","medium",0.8925,1.0125
"","female","water","medium",1.1587,1.2406
"","female","water","medium",1.4601,1.5107
"","female","water","medium",1.7187,1.7542
"","female","water","medium",1.9841,2.0101
"","female","water","medium",2.5168,2.5307
"","female","water","medium",3.3064,3.3118
"","female","water","medium",4.1249,4.1282
"","female","water","medium",6.3384,6.3384
"","female","water","high",-1.7955,0
"","female","water","high",-1.4307,0.0014
"","female","water","high",-1.1324,0.0106
"","female","water","high",-0.948,0.0213
"","female","water","high",-0.8577,0.0312
"","female","water","high",-0.8069,0.0401
"","female","water","high",-0.7448,0.0528
"","female","water","high",-0.7123,0.0605
"","female","water","high",-0.6887,0.0671
"","female","water","high",-0.6363,0.0823
"","female","water","high",-0.5959,0.0951
"","female","water","high",-0.5751,0.1023
"","female","water","high",-0.5109,0.1253
"","female","water","high",-0.4248,0.1597
"","female","water","high",-0.3229,0.2043
"","female","water","high",-0.2235,0.2532
"","female","water","high",-0.1294,0.3016
"","female","water","high",0.0688,0.4191
"","female","water","high",0.2176,0.5196
"","female","water","high",0.3324,0.6022
"","female","water","high",0.596,0.8069
"","female","water","high",0.9664,1.1128
"","female","water","high",1.1943,1.3088
"","female","water","high",1.4902,1.5705
"","female","water","high",1.7772,1.8296
"","female","water","high",2.269,2.2939
"","female","water","high",3.0763,3.082
"","female","water","high",3.5053,3.5053
"","female","construction","low",-1.6627,0
"","female","construction","low",-1.367,0.0153
"","female","construction","low",-1.3291,0.0185
"","female","construction","low",-1.2662,0.0282
"","female","construction","low",-1.1812,0.0433
"","female","construction","low",-0.7974,0.1348
"","female","construction","low",-0.7121,0.1558
"","female","construction","low",-0.5359,0.208
"","female","construction","low",-0.2447,0.3091
"","female","construction","low",-0.1691,0.341
"","female","construction","low",-0.0209,0.41
"","female","construction","low",0.2058,0.5205
"","female","construction","low",0.537,0.7059
"","female","construction","low",0.8105,0.9107
"","female","construction","low",1.1153,1.1735
"","female","construction","low",2.31,2.31
"","female","construction","medium",-2.1001,0
"","female","construction","medium",-1.7116,0.0125
"","female","construction","medium",-1.6211,0.0172
"","female","construction","medium",-1.4838,0.0281
"","female","construction","medium",-1.4298,0.0328
"","female","construction","medium",-1.353,0.0406
"","female","construction","medium",-1.1083,0.0705
"","female","construction","medium",-1.0069,0.0886
"","female","construction","medium",-0.9276,0.1049
"","female","construction","medium",-0.7977,0.134
"","female","construction","medium",-0.6854,0.1616
"","female","construction","medium",-0.55,0.1993
"","female","construction","medium",-0.4762,0.222
"","female","construction","medium",-0.3807,0.2533
"","female","construction","medium",-0.2526,0.3004
"","female","construction","medium",-0.1348,0.3511
"","female","construction","medium",-0.0304,0.3992
"","female","construction","medium",0.0398,0.4341
"","female","construction","medium",0.0836,0.4566
"","female","construction","medium",0.1742,0.5044
"","female","construction","medium",0.3487,0.6011
"","female","construction","medium",0.6025,0.764
"","female","construction","medium",0.9536,1.0255
"","female","construction","medium",1.5804,1.5964
"","female","construction","medium",2.0944,2.103
"","female","construction","medium",3.2166,3.2166
"","female","construction","high",-1.571,0
"","female","construction","high",-1.191,0.0269
"","female","construction","high",-1.0383,0.05
"","female","construction","high",-0.8795,0.0893
"","female","construction","high",-0.5974,0.1623
"","female","construction","high",-0.5673,0.1706
"","female","construction","high",-0.4783,0.2054
"","female","construction","high",-0.373,0.2513
"","female","construction","high",-0.019,0.4253
"","female","construction","high",0.3759,0.6329
"","female","construction","high",0.4748,0.6916
"","female","construction","high",0.6474,0.8102
"","female","construction","high",0.9568,1.0451
"","female","construction","high",1.0846,1.1457
"","female","construction","high",2.2199,2.2199
"","female","trade","low",-2.1561,0
"","female","trade","low",-2.0821,0.0012
"","female","trade","low",-1.857,0.0095
"","female","trade","low",-1.5638,0.0278
"","female","trade","low",-1.4091,0.0419
"","female","trade","low",-1.3265,0.051
"","female","trade","low",-1.2357,0.0623
"","female","trade","low",-1.1111,0.0813
"","female","trade","low",-0.986,0.1037
"","female","trade","low",-0.8989,0.1206
"","female","trade","low",-0.7414,0.1539
"","female","trade","low",-0.54,0.2011
"","female","trade","low",-0.3412,0.2556
"","female","trade","low",-0.1784,0.3102
"","female","trade","low",-0.0645,0.3548
"","female","trade","low",0.0497,0.4038
"","female","trade","low",0.238,0.5018
"","female","trade","low",0.4075,0.6074
"","female","trade","low",0.5708,0.7208
"","female","trade","low",0.7413,0.8508
"","female","trade","low",0.9399,1.0182
"","female","trade","low",1.1852,1.2389
"","female","trade","low",1.4942,1.5301
"","female","trade","low",2.4684,2.4779
"","female","trade","low",4.3283,4.3283
"","female","trade","medium",-2.1981,0
"","female","trade","medium",-1.9369,0.0019
"","female","trade","medium",-1.7911,0.0044
"","female","trade","medium",-1.6664,0.008
"","female","trade","medium",-1.59,0.0108
"","female","trade","medium",-1.429,0.0209
"","female","trade","medium",-1.3085,0.0307
"","female","trade","medium",-1.2063,0.0407
"","female","trade","medium",-1.1151,0.0514
"","female","trade","medium",-1.0448,0.0605
"","female","trade","medium",-0.9822,0.07
"","female","trade","medium",-0.9138,0.0811
"","female","trade","medium",-0.8588,0.0903
"","female","trade","medium",-0.8031,0.1002
"","female","trade","medium",-0.6674,0.1268
"","female","trade","medium",-0.5698,0.1502
"","female","trade","medium",-0.3921,0.201
"","female","trade","medium",-0.2431,0.2532
"","female","trade","medium",-0.1258,0.3015
"","female","trade","medium",-0.0194,0.3532
"","female","trade","medium",0.0316,0.3804
"","female","trade","medium",0.0781,0.4069
"","female","trade","medium",0.2424,0.5105
"","female","trade","medium",0.5765,0.7552
"","female","trade","medium",0.8878,1.0121
"","female","trade","medium",1.4532,1.5154
"","female","trade","medium",2.0112,2.0418
"","female","trade","medium",3.2379,3.2434
"","female","trade","medium",4.1286,4.1286
"","female","trade","high",-1.9468,0
"","female","trade","high",-1.775,0.0031
"","female","trade","high",-1.6084,0.01
"","female","trade","high",-1.4234,0.0215
"","female","trade","high",-1.3247,0.0291
"","female","trade","high",-1.1348,0.0473
"","female","trade","high",-1.1021,0.0508
"","female","trade","high",-0.9845,0.0668
"","female","trade","high",-0.8926,0.0813
"","female","trade","high",-0.7653,0.1044
"","female","trade","high",-0.5407,0.1533
"","female","trade","high",-0.3579,0.217
"","female","trade","high",-0.1412,0.3022
"","female","trade","high",-0.0025,0.3656
"","female","trade","high",0.064,0.4028
"","female","trade","high",0.2269,0.5039
"","female","trade","high",0.3712,0.6035
"","female","trade","high",0.5585,0.745
"","female","trade","high",0.7587,0.9042
"","female","trade","high",0.9128,1.032
"","female","trade","high",1.4597,1.5162
"","female","trade","high",2.1085,2.1302
"","female","trade","high",4.8076,4.8076
"","female","transport","low",-1.8146,0
"","female","transport","low",-1.5885,0.005
"","female","transport","low",-1.3053,0.0469
"","female","transport","low",-1.095,0.0851
"","female","transport","low",-0.6455,0.1771
"","female","transport","low",-0.4248,0.2337
"","female","transport","low",-0.0266,0.3796
"","female","transport","low",0.0624,0.4232
"","female","transport","low",0.4795,0.6613
"","female","transport","low",0.6674,0.7939
"","female","transport","low",0.8888,0.9777
"","female","transport","low",1.5164,1.536
"","female","transport","low",4.5474,4.5474
"","female","transport","medium",-2.7044,0
"","female","transport","medium",-2.4716,0.0024
"","female","transport","medium",-1.943,0.0175
"","female","transport","medium",-1.866,0.0198
"","female","transport","medium",-1.514,0.0369
"","female","transport","medium",-1.3939,0.0433
"","female","transport","medium",-1.2494,0.0538
"","female","transport","medium",-1.1881,0.0591
"","female","transport","medium",-1.066,0.0713
"","female","transport","medium",-0.9844,0.0803
"","female","transport","medium",-0.8887,0.0942
"","female","transport","medium",-0.7988,0.1102
"","female","transport","medium",-0.7018,0.1294
"","female","transport","medium",-0.6118,0.1503
"","female","transport","medium",-0.5217,0.173
"","female","transport","medium",-0.4814,0.1843
"","female","transport","medium",-0.4134,0.2061
"","female","transport","medium",-0.2851,0.2543
"","female","transport","medium",-0.138,0.322
"","female","transport","medium",0.0142,0.4004
"","female","transport","medium",0.1991,0.5059
"","female","transport","medium",0.5012,0.7
"","female","transport","medium",0.8893,1.0028
"","female","transport","medium",1.5713,1.5997
"","female","transport","medium",2.1322,2.1322
"","female","transport","high",-2.3441,0
"","female","transport","high",-1.5783,0.0154
"","female","transport","high",-0.9831,0.0647
"","female","transport","high",-0.8706,0.0771
"","female","transport","high",-0.6472,0.1078
"","female","transport","high",-0.5113,0.1316
"","female","transport","high",-0.4554,0.1453
"","female","transport","high",-0.3513,0.1755
"","female","transport","high",-0.2836,0.2
"","female","transport","high",-0.0594,0.3089
"","female","transport","high",0.0381,0.3765
"","female","transport","high",0.382,0.6292
"","female","transport","high",0.8284,0.9926
"","female","transport","high",2.5922,2.5922
"","female","hospitality","low",-1.8565,0
"","female","hospitality","low",-1.7749,0.0019
"","female","hospitality","low",-1.6822,0.0045
"","female","hospitality","low",-1.6674,0.0051
"","female","hospitality","low",-1.5507,0.0112
"","female","hospitality","low",-1.3827,0.0236
"","female","hospitality","low",-1.2873,0.033
"","female","hospitality","low",-1.2116,0.0421
"","female","hospitality","low",-1.1358,0.0521
"","female","hospitality","low",-1.0503,0.0641
"","female","hospitality","low",-0.9935,0.0725
"","female","hospitality","low",-0.9268,0.0836
"","female","hospitality","low",-0.8653,0.0942
"","female","hospitality","low",-0.7962,0.1068
"","female","hospitality","low",-0.7292,0.1219
"","female","hospitality","low",-0.6513,0.1413
"","female","hospitality","low",-0.5595,0.1684
"","female","hospitality","low",-0.4664,0.2006
"","female","hospitality","low",-0.3591,0.2438
"","female","hospitality","low",-0.2165,0.304
"","female","hospitality","low",-0.0014,0.404
"","female","hospitality","low",0.1947,0.5078
"","female","hospitality","low",0.3662,0.6096
"","female","hospitality","low",0.691,0.8398
"","female","hospitality","low",0.9183,1.017
"","female","hospitality","low",1.5195,1.5575
"","female","hospitality","low",1.9886,2.0085
"","female","hospitality","low",3.7767,3.7767
"","female","hospitality","medium",-1.6237,0
"","female","hospitality","medium",-1.5648,0.0014
"","female","hospitality","medium",-1.4574,0.0061
"","female","hospitality","medium",-1.3864,0.0109
"","female","hospitality","medium",-1.2994,0.02
"","female","hospitality","medium",-1.2113,0.0311
"","female","hospitality","medium",-1.1347,0.0439
"","female","hospitality","medium",-1.0148,0.066
"","female","hospitality","medium",-0.9111,0.0878
"","female","hospitality","medium",-0.8238,0.1073
"","female","hospitality","medium",-0.7542,0.1237
"","female","hospitality","medium",-0.6451,0.1544
"","female","hospitality","medium",-0.4775,0.2074
"","female","hospitality","medium",-0.3405,0.2555
"","female","hospitality","medium",-0.2197,0.3007
"","female","hospitality","medium",-0.0971,0.3507
"","female","hospitality","medium",0.0406,0.4147
"","female","hospitality","medium",0.195,0.5022
"","female","hospitality","medium",0.5903,0.7699
"","female","hospitality","medium",0.9973,1.094
"","female","hospitality","medium",1.7142,1.7461
"","female","hospitality","medium",3.0175,3.0175
"","female","hospitality","high",-1.4005,0
"","female","hospitality","high",-1.256,0.0072
"","female","hospitality","high",-0.9947,0.0364
"","female","hospitality","high",-0.9163,0.0471
"","female","hospitality","high",-0.7964,0.0648
"","female","hospitality","high",-0.6027,0.0972
"","female","hospitality","high",-0.4783,0.1237
"","female","hospitality","high",-0.3671,0.1524
"","female","hospitality","high",-0.2025,0.2065
"","female","hospitality","high",-0.0673,0.2868
"","female","hospitality","high",0.1129,0.4194
"","female","hospitality","high",0.586,0.7936
"","female","hospitality","high",3.5427,3.5427
"","female","ict","low",-1.7453,0
"","female","ict","low",-1.0836,0.0522
"","female","ict","low",-0.8458,0.0936
"","female","ict","low",-0.5757,0.179
"","female","ict","low",-0.3428,0.2714
"","female","ict","low",-0.0854,0.3815
"","female","ict","low",0.0515,0.4548
"","female","ict","low",1.0383,1.0994
"","female","ict","low",1.6984,1.6984
"","female","ict","medium",-2.4396,0
"","female","ict","medium",-2.0335,0.005
"","female","ict","medium",-1.6379,0.0133
"","female","ict","medium",-1.4702,0.0222
"","female","ict","medium",-1.3692,0.0306
"","female","ict","medium",-1.1086,0.0583
"","female","ict","medium",-1.049,0.0653
"","female","ict","medium",-0.9341,0.0834
"","female","ict","medium",-0.8086,0.1084
"","female","ict","medium",-0.7129,0.1306
"","female","ict","medium",-0.6272,0.1531
"","female","ict","medium",-0.5518,0.1739
"","female","ict","medium",-0.404,0.222
"","female","ict","medium",-0.0849,0.3676
"","female","ict","medium",0.0724,0.4517
"","female","ict","medium",0.9487,1.0429
"","female","ict","medium",2.2204,2.2204
"","female","ict","high",-1.4824,0
"","female","ict","high",-1.3647,0.0054
"","female","ict","high",-1.1057,0.0232
"","female","ict","high",-1.0329,0.0338
"","female","ict","high",-0.8183,0.0767
"","female","ict","high",-0.6429,0.1184
"","female","ict","high",-0.4683,0.1668
"","female","ict","high",-0.3418,0.2136
"","female","ict","high",-0.0934,0.3344
"","female","ict","high",0.0698,0.4279
"","female","ict","high",0.2909,0.5778
"","female","ict","high",0.3964,0.6551
"","female","ict","high",0.5477,0.7713
"","female","ict","high",1.0037,1.1396
"","female","ict","high",2.1889,2.1889
"","female","finance","low",-1.516,0
"","female","finance","low",-1.0189,0.037
"","female","finance","low",-0.9807,0.0434
"","female","finance","low",-0.926,0.0559
"","female","finance","low",-0.3767,0.2386
"","female","finance","low",-0.3261,0.259
"","female","finance","low",-0.2459,0.2935
"","female","finance","low",-0.0101,0.4013
"","female","finance","low",0.0401,0.4271
"","female","finance","low",0.3164,0.6091
"","female","finance","low",0.5542,0.7796
"","female","finance","low",1.0061,1.119
"","female","finance","low",1.2572,1.3188
"","female","finance","low",1.7487,1.7487
"","female","finance","medium",-2.0376,0
"","female","finance","medium",-1.97,0.0011
"","female","finance","medium",-1.92,0.0024
"","female","finance","medium",-1.8573,0.0046
"","female","finance","medium",-1.8142,0.0062
"","female","finance","medium",-1.6714,0.013
"","female","finance","medium",-1.5126,0.0236
"","female","finance","medium",-1.3721,0.0352
"","female","finance","medium",-1.1522,0.0566
"","female","finance","medium",-1.0662,0.0661
"","female","finance","medium",-0.9473,0.0807
"","female","finance","medium",-0.8237,0.1009
"","female","finance","medium",-0.7192,0.1244
"","female","finance","medium",-0.6134,0.1522
"","female","finance","medium",-0.4435,0.2052
"","female","finance","medium",-0.2798,0.266
"","female","finance","medium",-0.1844,0.3057
"","female","finance","medium",-0.0548,0.3674
"","female","finance","medium",0.0095,0.3996
"","female","finance","medium",0.4406,0.6514
"","female","finance","medium",0.9421,1.043
"","female","finance","medium",3.2428,3.2428
"","female","finance","high",-2.6538,0
"","female","finance","high",-2.3692,0.0056
"","female","finance","high",-2.0355,0.0268
"","female","finance","high",-1.5899,0.0588
"","female","finance","high",-1.5129,0.0649
"","female","finance","high",-1.3764,0.0763
"","female","finance","high",-1.1977,0.0927
"","female","finance","high",-1.0167,0.1116
"","female","finance","high",-0.6712,0.1557
"","female","finance","high",-0.4381,0.2002
"","female","finance","high",-0.1443,0.2935
"","female","finance","high",-0.0047,0.35
"","female","finance","high",0.1741,0.4483
"","female","finance","high",0.6427,0.7829
"","female","finance","high",2.586,2.586
"","female","realestate","low",-0.7622,0
"","female","realestate","low",-0.659,0.002
"","female","realestate","low",-0.5786,0.005
"","female","realestate","low",-0.5304,0.0078
"","female","realestate","low",-0.4789,0.0117
"","female","realestate","low",-0.442,0.0153
"","female","realestate","low",-0.3827,0.0244
"","female","realestate","low",-0.324,0.0364
"","female","realestate","low",-0.2847,0.0469
"","female","realestate","low",-0.2398,0.0615
"","female","realestate","low",-0.208,0.0728
"","female","realestate","low",-0.1724,0.0874
"","female","realestate","low",-0.1401,0.1032
"","female","realestate","low",-0.0598,0.15
"","female","realestate","low",-0.0045,0.1887
"","female","realestate","low",0.0815,0.2561
"","female","realestate","low",0.1649,0.3248
"","female","realestate","low",0.3275,0.4726
"","female","realestate","low",0.9246,1.0456
"","female","realestate","low",6.4834,6.4834
"","female","realestate","medium",-2.0112,0
"","female","realestate","medium",-1.9189,0.0022
"","female","realestate","medium",-1.8197,0.0061
"","female","realestate","medium",-1.7146,0.0114
"","female","realestate","medium",-1.507,0.0244
"","female","realestate","medium",-1.369,0.0336
"","female","realestate","medium",-1.129,0.0556
"","female","realestate","medium",-0.9969,0.0705
"","female","realestate","medium",-0.924,0.0802
"","female","realestate","medium",-0.7983,0.1012
"","female","realestate","medium",-0.6585,0.131
"","female","realestate","medium",-0.5311,0.1621
"","female","realestate","medium",-0.3909,0.2023
"","female","realestate","medium",-0.2528,0.2517
"","female","realestate","medium",-0.1397,0.3011
"","female","realestate","medium",-0.0074,0.3712
"","female","realestate","medium",0.1114,0.4404
"","female","realestate","medium",0.2067,0.5001
"","female","realestate","medium",0.5713,0.7553
"","female","realestate","medium",0.8935,1.0138
"","female","realestate","medium",1.174,1.2566
"","female","realestate","medium",1.4604,1.515
"","female","realestate","medium",2.3576,2.3731
"","female","realestate","medium",3.7046,3.7046
"","female","realestate","high",-1.4665,0
"","female","realestate","high",-1.359,0.0021
"","female","realestate","high",-1.2595,0.0065
"","female","realestate","high",-1.1814,0.0127
"","female","realestate","high",-1.0991,0.0208
"","female","realestate","high",-0.943,0.0399
"","female","realestate","high",-0.8583,0.0528
"","female","realestate","high",-0.7804,0.0663
"","female","realestate","high",-0.6983,0.0858
"","female","realestate","high",-0.642,0.1016
"","female","realestate","high",-0.4744,0.1558
"","female","realestate","high",-0.3515,0.2027
"","female","realestate","high",-0.2285,0.2569
"","female","realestate","high",-0.1345,0.3023
"","female","realestate","high",0.0676,0.4124
"","female","realestate","high",0.3764,0.6129
"","female","realestate","high",0.9666,1.0747
"","female","realestate","high",5.0869,5.0869
"","female","profserv","low",-0.7622,0
"","female","profserv","low",-0.659,0.002
"","female","profserv","low",-0.5786,0.005
"","female","profserv","low",-0.5304,0.0078
"","female","profserv","low",-0.4789,0.0117
"","female","profserv","low",-0.442,0.0153
"","female","profserv","low",-0.3827,0.0244
"","female","profserv","low",-0.324,0.0364
"","female","profserv","low",-0.2847,0.0469
"","female","profserv","low",-0.2398,0.0615
"","female","profserv","low",-0.208,0.0728
"","female","profserv","low",-0.1724,0.0874
"","female","profserv","low",-0.1401,0.1032
"","female","profserv","low",-0.0598,0.15
"","female","profserv","low",-0.0045,0.1887
"","female","profserv","low",0.0815,0.2561
"","female","profserv","low",0.1649,0.3248
"","female","profserv","low",0.3275,0.4726
"","female","profserv","low",0.9246,1.0456
"","female","profserv","low",6.4834,6.4834
"","female","profserv","medium",-2.0112,0
"","female","profserv","medium",-1.9189,0.0022
"","female","profserv","medium",-1.8197,0.0061
"","female","profserv","medium",-1.7146,0.0114
"","female","profserv","medium",-1.507,0.0244
"","female","profserv","medium",-1.369,0.0336
"","female","profserv","medium",-1.129,0.0556
"","female","profserv","medium",-0.9969,0.0705
"","female","profserv","medium",-0.924,0.0802
"","female","profserv","medium",-0.7983,0.1012
"","female","profserv","medium",-0.6585,0.131
"","female","profserv","medium",-0.5311,0.1621
"","female","profserv","medium",-0.3909,0.2023
"","female","profserv","medium",-0.2528,0.2517
"","female","profserv","medium",-0.1397,0.3011
"","female","profserv","medium",-0.0074,0.3712
"","female","profserv","medium",0.1114,0.4404
"","female","profserv","medium",0.2067,0.5001
"","female","profserv","medium",0.5713,0.7553
"","female","profserv","medium",0.8935,1.0138
"","female","profserv","medium",1.174,1.2566
"","female","profserv","medium",1.4604,1.515
"","female","profserv","medium",2.3576,2.3731
"","female","profserv","medium",3.7046,3.7046
"","female","profserv","high",-1.4665,0
"","female","profserv","high",-1.359,0.0021
"","female","profserv","high",-1.2595,0.0065
"","female","profserv","high",-1.1814,0.0127
"","female","profserv","high",-1.0991,0.0208
"","female","profserv","high",-0.943,0.0399
"","female","profserv","high",-0.8583,0.0528
"","female","profserv","high",-0.7804,0.0663
"","female","profserv","high",-0.6983,0.0858
"","female","profserv","high",-0.642,0.1016
"","female","profserv","high",-0.4744,0.1558
"","female","profserv","high",-0.3515,0.2027
"","female","profserv","high",-0.2285,0.2569
"","female","profserv","high",-0.1345,0.3023
"","female","profserv","high",0.0676,0.4124
"","female","profserv","high",0.3764,0.6129
"","female","profserv","high",0.9666,1.0747
"","female","profserv","high",5.0869,5.0869
"","female","public","low",-1.925,0
"","female","public","low",-1.6398,0.011
"","female","public","low",-1.326,0.0319
"","female","public","low",-1.1915,0.0456
"","female","public","low",-1.0391,0.0638
"","female","public","low",-0.7997,0.1008
"","female","public","low",-0.5325,0.1498
"","female","public","low",-0.461,0.1655
"","female","public","low",-0.4049,0.1828
"","female","public","low",-0.2298,0.2518
"","female","public","low",-0.1472,0.2876
"","female","public","low",-0.0691,0.3257
"","female","public","low",-0.0059,0.358
"","female","public","low",0.0458,0.385
"","female","public","low",0.1583,0.4465
"","female","public","low",0.3109,0.5406
"","female","public","low",0.4643,0.6546
"","female","public","low",1.3044,1.3853
"","female","public","low",3.428,3.428
"","female","public","medium",-3.1113,0
"","female","public","medium",-2.8098,0.0013
"","female","public","medium",-2.4464,0.0033
"","female","public","medium",-2.0594,0.0106
"","female","public","medium",-1.752,0.0196
"","female","public","medium",-1.4521,0.0327
"","female","public","medium",-1.3148,0.0404
"","female","public","medium",-1.1873,0.0506
"","female","public","medium",-1.0765,0.0619
"","female","public","medium",-0.9847,0.0728
"","female","public","medium",-0.8898,0.0849
"","female","public","medium",-0.7799,0.1005
"","female","public","medium",-0.6203,0.1326
"","female","public","medium",-0.4991,0.163
"","female","public","medium",-0.3676,0.2022
"","female","public","medium",-0.2385,0.2518
"","female","public","medium",-0.1252,0.3048
"","female","public","medium",-0.0031,0.3694
"","female","public","medium",0.0669,0.4098
"","female","public","medium",0.2201,0.5029
"","female","public","medium",0.3829,0.609
"","female","public","medium",0.5083,0.6995
"","female","public","medium",0.6475,0.8058
"","female","public","medium",0.9522,1.0587
"","female","public","medium",1.4508,1.5043
"","female","public","medium",2.3843,2.3997
"","female","public","medium",4.3468,4.3468
"","female","public","high",-1.6008,0
"","female","public","high",-1.3823,0.0016
"","female","public","high",-1.1308,0.0101
"","female","public","high",-0.9706,0.0178
"","female","public","high",-0.8665,0.0248
"","female","public","high",-0.6913,0.0393
"","female","public","high",-0.6108,0.0503
"","female","public","high",-0.5561,0.0603
"","female","public","high",-0.463,0.0826
"","female","public","high",-0.4007,0.1001
"","female","public","high",-0.1638,0.2005
"","female","public","high",0.0121,0.3011
"","female","public","high",0.1557,0.4003
"","female","public","high",0.3077,0.5169
"","female","public","high",0.4851,0.6581
"","female","public","high",0.6434,0.7923
"","female","public","high",1.0737,1.1895
"","female","public","high",6.0557,6.0557
"","female","education","low",-1.463,0
"","female","education","low",-1.3355,0.0049
"","female","education","low",-1.1708,0.0142
"","female","education","low",-0.853,0.0415
"","female","education","low",-0.6232,0.0694
"","female","education","low",-0.5356,0.0822
"","female","education","low",-0.4879,0.0908
"","female","education","low",-0.4096,0.1077
"","female","education","low",-0.3692,0.1167
"","female","education","low",-0.3196,0.1304
"","female","education","low",-0.267,0.1496
"","female","education","low",-0.218,0.1712
"","female","education","low",-0.1464,0.2091
"","female","education","low",-0.0524,0.2639
"","female","education","low",0.0301,0.3151
"","female","education","low",0.0963,0.3595
"","female","education","low",0.2032,0.4338
"","female","education","low",0.4342,0.6169
"","female","education","low",0.9094,1.0402
"","female","education","low",2.8636,2.9057
"","female","education","low",5.4966,5.4966
"","female","education","medium",-2.424,0
"","female","education","medium",-2.2687,0.0016
"","female","education","medium",-2.0817,0.0048
"","female","education","medium",-1.9003,0.0107
"","female","education","medium",-1.798,0.015
"","female","education","medium",-1.6786,0.0211
"","female","education","medium",-1.4661,0.0329
"","female","education","medium",-1.3367,0.0412
"","female","education","medium",-1.1885,0.0555
"","female","education","medium",-1.0547,0.0709
"","female","education","medium",-0.9575,0.0856
"","female","education","medium",-0.876,0.101
"","female","education","medium",-0.7665,0.1252
"","female","education","medium",-0.6502,0.1552
"","female","education","medium",-0.5459,0.1851
"","female","education","medium",-0.483,0.2046
"","female","education","medium",-0.3337,0.258
"","female","education","medium",-0.2278,0.3002
"","female","education","medium",-0.1076,0.3512
"","female","education","medium",-0.0017,0.4002
"","female","education","medium",0.1959,0.5026
"","female","education","medium",0.3629,0.6029
"","female","education","medium",0.5227,0.7112
"","female","education","medium",0.7234,0.8585
"","female","education","medium",0.903,0.9997
"","female","education","medium",1.2695,1.3134
"","female","education","medium",2.0478,2.0581
"","female","education","medium",3.9524,3.9524
"","female","education","high",-1.9883,0
"","female","education","high",-1.8719,0.001
"","female","education","high",-1.6692,0.0059
"","female","education","high",-1.558,0.0102
"","female","education","high",-1.331,0.0224
"","female","education","high",-1.2247,0.0309
"","female","education","high",-1.106,0.0433
"","female","education","high",-1.0118,0.055
"","female","education","high",-0.9108,0.0708
"","female","education","high",-0.8477,0.082
"","female","education","high",-0.7688,0.0982
"","female","education","high",-0.7143,0.111
"","female","education","high",-0.6545,0.1276
"","female","education","high",-0.6064,0.1418
"","female","education","high",-0.5348,0.1655
"","female","education","high",-0.4915,0.1813
"","female","education","high",-0.4247,0.2071
"","female","education","high",-0.3087,0.2534
"","female","education","high",-0.196,0.3018
"","female","education","high",-0.0765,0.3586
"","female","education","high",-0.0013,0.3982
"","female","education","high",0.3343,0.6002
"","female","education","high",0.8642,1.0005
"","female","education","high",2.0668,2.0787
"","female","education","high",3.7741,3.7741
"","female","health","low",-1.9482,0
"","female","health","low",-1.6258,0.0018
"","female","health","low",-1.3789,0.0051
"","female","health","low",-1.1834,0.0124
"","female","health","low",-0.9986,0.0247
"","female","health","low",-0.8209,0.0421
"","female","health","low",-0.6755,0.062
"","female","health","low",-0.5785,0.0801
"","female","health","low",-0.4865,0.1013
"","female","health","low",-0.3778,0.1341
"","female","health","low",-0.2785,0.1688
"","female","health","low",-0.1961,0.2026
"","female","health","low",-0.0842,0.2578
"","female","health","low",-0.0087,0.3007
"","female","health","low",0.0962,0.3686
"","female","health","low",0.1664,0.4191
"","female","health","low",0.2903,0.5131
"","female","health","low",0.458,0.6456
"","female","health","low",0.6738,0.8252
"","female","health","low",1.3916,1.4799
"","female","health","low",6.6371,6.6371
"","female","health","medium",-2.672,0
"","female","health","medium",-2.4738,5e-04
"","female","health","medium",-2.3403,0.0018
"","female","health","medium",-2.1674,0.0055
"","female","health","medium",-2.0908,0.0076
"","female","health","medium",-2.0089,0.0101
"","female","health","medium",-1.8325,0.0175
"","female","health","medium",-1.6222,0.0308
"","female","health","medium",-1.4738,0.0425
"","female","health","medium",-1.2684,0.0626
"","female","health","medium",-1.1101,0.083
"","female","health","medium",-0.9782,0.1029
"","female","health","medium",-0.8417,0.1267
"","female","health","medium",-0.7205,0.1536
"","female","health","medium",-0.6269,0.1777
"","female","health","medium",-0.5321,0.205
"","female","health","medium",-0.3853,0.253
"","female","health","medium",-0.2507,0.3021
"","female","health","medium",-0.03,0.3965
"","female","health","medium",0.1871,0.5028
"","female","health","medium",0.3747,0.6077
"","female","health","medium",0.6085,0.7525
"","female","health","medium",0.8121,0.8999
"","female","health","medium",1.0545,1.1065
"","female","health","medium",2.0451,2.0496
"","female","health","medium",3.1592,3.1592
"","female","health","high",-1.6527,0
"","female","health","high",-1.4632,0.0019
"","female","health","high",-1.3143,0.0041
"","female","health","high",-1.1964,0.0072
"","female","health","high",-1.0586,0.0142
"","female","health","high",-0.9583,0.0206
"","female","health","high",-0.8326,0.0331
"","female","health","high",-0.7246,0.048
"","female","health","high",-0.6568,0.0601
"","female","health","high",-0.5896,0.074
"","female","health","high",-0.518,0.0905
"","female","health","high",-0.4397,0.111
"","female","health","high",-0.3724,0.1311
"","female","health","high",-0.3132,0.1515
"","female","health","high",-0.1937,0.2007
"","female","health","high",-0.1004,0.2509
"","female","health","high",-0.017,0.3022
"","female","health","high",0.1253,0.4004
"","female","health","high",0.2866,0.5194
"","female","health","high",0.4802,0.6707
"","female","health","high",0.9098,1.0434
"","female","health","high",7.3815,7.3815
"","female","entertainment","low",-2.0149,0
"","female","entertainment","low",-1.8907,0.0029
"","female","entertainment","low",-1.7626,0.008
"","female","entertainment","low",-1.6113,0.0157
"","female","entertainment","low",-1.5035,0.0236
"","female","entertainment","low",-1.3494,0.0365
"","female","entertainment","low",-1.199,0.051
"","female","entertainment","low",-1.047,0.0693
"","female","entertainment","low",-0.9278,0.0867
"","female","entertainment","low",-0.842,0.1005
"","female","entertainment","low",-0.7245,0.1243
"","female","entertainment","low",-0.6146,0.1505
"","female","entertainment","low",-0.5076,0.1808
"","female","entertainment","low",-0.4159,0.2108
"","female","entertainment","low",-0.3105,0.2501
"","female","entertainment","low",-0.1592,0.3161
"","female","entertainment","low",-0.0647,0.3622
"","female","entertainment","low",0.0595,0.4271
"","female","entertainment","low",0.2294,0.5277
"","female","entertainment","low",0.4492,0.6693
"","female","entertainment","low",0.6503,0.8179
"","female","entertainment","low",0.8818,0.9996
"","female","entertainment","low",2.0228,2.0351
"","female","entertainment","low",3.1015,3.1015
"","female","entertainment","medium",-1.701,0
"","female","entertainment","medium",-1.5642,0.0012
"","female","entertainment","medium",-1.5022,0.0023
"","female","entertainment","medium",-1.4198,0.0048
"","female","entertainment","medium",-1.2973,0.0106
"","female","entertainment","medium",-1.1482,0.0222
"","female","entertainment","medium",-1.0343,0.0345
"","female","entertainment","medium",-0.9197,0.0501
"","female","entertainment","medium",-0.8014,0.0708
"","female","entertainment","medium",-0.7032,0.0907
"","female","entertainment","medium",-0.6021,0.1138
"","female","entertainment","medium",-0.5626,0.1243
"","female","entertainment","medium",-0.4735,0.1509
"","female","entertainment","medium",-0.4024,0.1765
"","female","entertainment","medium",-0.3796,0.1855
"","female","entertainment","medium",-0.3115,0.2136
"","female","entertainment","medium",-0.2045,0.2627
"","female","entertainment","medium",-0.0828,0.3247
"","female","entertainment","medium",0.052,0.4028
"","female","entertainment","medium",0.3624,0.6093
"","female","entertainment","medium",0.7362,0.9
"","female","entertainment","medium",1.4804,1.5552
"","female","entertainment","medium",2.7435,2.7586
"","female","entertainment","medium",5.5219,5.5219
"","female","entertainment","high",-1.792,0
"","female","entertainment","high",-1.2507,0.0092
"","female","entertainment","high",-1.0812,0.0241
"","female","entertainment","high",-1.0184,0.0336
"","female","entertainment","high",-0.7636,0.0752
"","female","entertainment","high",-0.7237,0.0828
"","female","entertainment","high",-0.6465,0.0984
"","female","entertainment","high",-0.6039,0.1089
"","female","entertainment","high",-0.5555,0.1223
"","female","entertainment","high",-0.4681,0.1521
"","female","entertainment","high",-0.3934,0.1821
"","female","entertainment","high",-0.2878,0.2271
"","female","entertainment","high",-0.1208,0.3147
"","female","entertainment","high",0.0609,0.4287
"","female","entertainment","high",0.3857,0.6577
"","female","entertainment","high",0.6063,0.8229
"","female","entertainment","high",1.5657,1.626
"","female","entertainment","high",2.4737,2.4737
"","female","otherserv","low",-2.0149,0
"","female","otherserv","low",-1.8907,0.0029
"","female","otherserv","low",-1.7626,0.008
"","female","otherserv","low",-1.6113,0.0157
"","female","otherserv","low",-1.5035,0.0236
"","female","otherserv","low",-1.3494,0.0365
"","female","otherserv","low",-1.199,0.051
"","female","otherserv","low",-1.047,0.0693
"","female","otherserv","low",-0.9278,0.0867
"","female","otherserv","low",-0.842,0.1005
"","female","otherserv","low",-0.7245,0.1243
"","female","otherserv","low",-0.6146,0.1505
"","female","otherserv","low",-0.5076,0.1808
"","female","otherserv","low",-0.4159,0.2108
"","female","otherserv","low",-0.3105,0.2501
"","female","otherserv","low",-0.1592,0.3161
"","female","otherserv","low",-0.0647,0.3622
"","female","otherserv","low",0.0595,0.4271
"","female","otherserv","low",0.2294,0.5277
"","female","otherserv","low",0.4492,0.6693
"","female","otherserv","low",0.6503,0.8179
"","female","otherserv","low",0.8818,0.9996
"","female","otherserv","low",2.0228,2.0351
"","female","otherserv","low",3.1015,3.1015
"","female","otherserv","medium",-1.701,0
"","female","otherserv","medium",-1.5642,0.0012
"","female","otherserv","medium",-1.5022,0.0023
"","female","otherserv","medium",-1.4198,0.0048
"","female","otherserv","medium",-1.2973,0.0106
"","female","otherserv","medium",-1.1482,0.0222
"","female","otherserv","medium",-1.0343,0.0345
"","female","otherserv","medium",-0.9197,0.0501
"","female","otherserv","medium",-0.8014,0.0708
"","female","otherserv","medium",-0.7032,0.0907
"","female","otherserv","medium",-0.6021,0.1138
"","female","otherserv","medium",-0.5626,0.1243
"","female","otherserv","medium",-0.4735,0.1509
"","female","otherserv","medium",-0.4024,0.1765
"","female","otherserv","medium",-0.3796,0.1855
"","female","otherserv","medium",-0.3115,0.2136
"","female","otherserv","medium",-0.2045,0.2627
"","female","otherserv","medium",-0.0828,0.3247
"","female","otherserv","medium",0.052,0.4028
"","female","otherserv","medium",0.3624,0.6093
"","female","otherserv","medium",0.7362,0.9
"","female","otherserv","medium",1.4804,1.5552
"","female","otherserv","medium",2.7435,2.7586
"","female","otherserv","medium",5.5219,5.5219
"","female","otherserv","high",-1.792,0
"","female","otherserv","high",-1.2507,0.0092
"","female","otherserv","high",-1.0812,0.0241
"","female","otherserv","high",-1.0184,0.0336
"","female","otherserv","high",-0.7636,0.0752
"","female","otherserv","high",-0.7237,0.0828
"","female","otherserv","high",-0.6465,0.0984
"","female","otherserv","high",-0.6039,0.1089
"","female","otherserv","high",-0.5555,0.1223
"","female","otherserv","high",-0.4681,0.1521
"","female","otherserv","high",-0.3934,0.1821
"","female","otherserv","high",-0.2878,0.2271
"","female","otherserv","high",-0.1208,0.3147
"","female","otherserv","high",0.0609,0.4287
"","female","otherserv","high",0.3857,0.6577
"","female","otherserv","high",0.6063,0.8229
"","female","otherserv","high",1.5657,1.626
"","female","otherserv","high",2.4737,2.4737
